UniprotID;Uniprot Name;Ligand SMILES;PubChem_CID
Q14457;BCL2_HUMAN;;264
Q14457;BCL2_HUMAN;;297
Q14457;BCL2_HUMAN;;305
Q14457;BCL2_HUMAN;;441
Q14457;BCL2_HUMAN;;544
Q14457;BCL2_HUMAN;;612
Q14457;BCL2_HUMAN;;702
Q14457;BCL2_HUMAN;;727
Q14457;BCL2_HUMAN;;784
Q14457;BCL2_HUMAN;;785
Q14457;BCL2_HUMAN;;892
Q14457;BCL2_HUMAN;;896
Q14457;BCL2_HUMAN;;935
Q14457;BCL2_HUMAN;;962
Q14457;BCL2_HUMAN;;977
Q14457;BCL2_HUMAN;;985
Q14457;BCL2_HUMAN;;992
Q14457;BCL2_HUMAN;;995
Q14457;BCL2_HUMAN;;1060
Q14457;BCL2_HUMAN;;1119
Q14457;BCL2_HUMAN;;1254
Q14457;BCL2_HUMAN;;1322
Q14457;BCL2_HUMAN;;1388
Q14457;BCL2_HUMAN;;1486
Q14457;BCL2_HUMAN;;1752
Q14457;BCL2_HUMAN;;1863
Q14457;BCL2_HUMAN;;1969
Q14457;BCL2_HUMAN;;1983
Q14457;BCL2_HUMAN;;2179
Q14457;BCL2_HUMAN;;2214
Q14457;BCL2_HUMAN;;2236
Q14457;BCL2_HUMAN;;2256
Q14457;BCL2_HUMAN;;2268
Q14457;BCL2_HUMAN;;2336
Q14457;BCL2_HUMAN;;2337
Q14457;BCL2_HUMAN;;2353
Q14457;BCL2_HUMAN;;2355
Q14457;BCL2_HUMAN;;2478
Q14457;BCL2_HUMAN;;2519
Q14457;BCL2_HUMAN;;2526
Q14457;BCL2_HUMAN;;2541
Q14457;BCL2_HUMAN;;2554
Q14457;BCL2_HUMAN;;2568
Q14457;BCL2_HUMAN;;2578
Q14457;BCL2_HUMAN;;2585
Q14457;BCL2_HUMAN;;2603
Q14457;BCL2_HUMAN;;2719
Q14457;BCL2_HUMAN;;2730
Q14457;BCL2_HUMAN;;2788
Q14457;BCL2_HUMAN;;2879
Q14457;BCL2_HUMAN;;2907
Q14457;BCL2_HUMAN;;2973
Q14457;BCL2_HUMAN;;3026
Q14457;BCL2_HUMAN;;3035
Q14457;BCL2_HUMAN;;3117
Q14457;BCL2_HUMAN;;3121
Q14457;BCL2_HUMAN;;3218
Q14457;BCL2_HUMAN;;3224
Q14457;BCL2_HUMAN;;3339
Q14457;BCL2_HUMAN;;3352
Q14457;BCL2_HUMAN;;3385
Q14457;BCL2_HUMAN;;3386
Q14457;BCL2_HUMAN;;3397
Q14457;BCL2_HUMAN;;3496
Q14457;BCL2_HUMAN;;3611
Q14457;BCL2_HUMAN;;3715
Q14457;BCL2_HUMAN;;3730
Q14457;BCL2_HUMAN;;3821
Q14457;BCL2_HUMAN;;3885
Q14457;BCL2_HUMAN;;3973
Q14457;BCL2_HUMAN;;4011
Q14457;BCL2_HUMAN;;4055
Q14457;BCL2_HUMAN;;4096
Q14457;BCL2_HUMAN;;4205
Q14457;BCL2_HUMAN;;4212
Q14457;BCL2_HUMAN;;4477
Q14457;BCL2_HUMAN;;4650
Q14457;BCL2_HUMAN;;4696
Q14457;BCL2_HUMAN;;4713
Q14457;BCL2_HUMAN;;4784
Q14457;BCL2_HUMAN;;4875
Q14457;BCL2_HUMAN;;4927
Q14457;BCL2_HUMAN;;5235
Q14457;BCL2_HUMAN;;5258
Q14457;BCL2_HUMAN;;5281
Q14457;BCL2_HUMAN;;5291
Q14457;BCL2_HUMAN;;5311
Q14457;BCL2_HUMAN;;5350
Q14457;BCL2_HUMAN;;5394
Q14457;BCL2_HUMAN;;5426
Q14457;BCL2_HUMAN;;5455
Q14457;BCL2_HUMAN;;5566
Q14457;BCL2_HUMAN;;5570
Q14457;BCL2_HUMAN;;5601
Q14457;BCL2_HUMAN;;5743
Q14457;BCL2_HUMAN;;5757
Q14457;BCL2_HUMAN;;5833
Q14457;BCL2_HUMAN;;5885
Q14457;BCL2_HUMAN;;5909
Q14457;BCL2_HUMAN;;5921
Q14457;BCL2_HUMAN;;5943
Q14457;BCL2_HUMAN;;5944
Q14457;BCL2_HUMAN;;5991
Q14457;BCL2_HUMAN;;6001
Q14457;BCL2_HUMAN;;6036
Q14457;BCL2_HUMAN;;6106
Q14457;BCL2_HUMAN;;6137
Q14457;BCL2_HUMAN;;6197
Q14457;BCL2_HUMAN;;6207
Q14457;BCL2_HUMAN;;6226
Q14457;BCL2_HUMAN;;6348
Q14457;BCL2_HUMAN;;6496
Q14457;BCL2_HUMAN;;6527
Q14457;BCL2_HUMAN;;6575
Q14457;BCL2_HUMAN;;6579
Q14457;BCL2_HUMAN;;6623
Q14457;BCL2_HUMAN;;6626
Q14457;BCL2_HUMAN;;6758
Q14457;BCL2_HUMAN;;6777
Q14457;BCL2_HUMAN;;6795
Q14457;BCL2_HUMAN;;7427
Q14457;BCL2_HUMAN;;7460
Q14457;BCL2_HUMAN;;7565
Q14457;BCL2_HUMAN;;7577
Q14457;BCL2_HUMAN;;7855
Q14457;BCL2_HUMAN;;7881
Q14457;BCL2_HUMAN;;8289
Q14457;BCL2_HUMAN;;8343
Q14457;BCL2_HUMAN;;8515
Q14457;BCL2_HUMAN;;8554
Q14457;BCL2_HUMAN;;8606
Q14457;BCL2_HUMAN;;8607
Q14457;BCL2_HUMAN;;9001
Q14457;BCL2_HUMAN;;9280
Q14457;BCL2_HUMAN;;9317
Q14457;BCL2_HUMAN;;9403
Q14457;BCL2_HUMAN;;9502
Q14457;BCL2_HUMAN;;9554
Q14457;BCL2_HUMAN;;9777
Q14457;BCL2_HUMAN;;10168
Q14457;BCL2_HUMAN;;10228
Q14457;BCL2_HUMAN;;10255
Q14457;BCL2_HUMAN;;10494
Q14457;BCL2_HUMAN;;10621
Q14457;BCL2_HUMAN;;10742
Q14457;BCL2_HUMAN;;10836
Q14457;BCL2_HUMAN;;10986
Q14457;BCL2_HUMAN;;11045
Q14457;BCL2_HUMAN;;11092
Q14457;BCL2_HUMAN;;11813
Q14457;BCL2_HUMAN;;12035
Q14457;BCL2_HUMAN;;12111
Q14457;BCL2_HUMAN;;12544
Q14457;BCL2_HUMAN;;12688
Q14457;BCL2_HUMAN;;12967
Q14457;BCL2_HUMAN;;13360
Q14457;BCL2_HUMAN;;13709
Q14457;BCL2_HUMAN;;13791
Q14457;BCL2_HUMAN;;14210
Q14457;BCL2_HUMAN;;14219
Q14457;BCL2_HUMAN;;14296
Q14457;BCL2_HUMAN;;14457
Q14457;BCL2_HUMAN;;14805
Q14457;BCL2_HUMAN;;14806
Q14457;BCL2_HUMAN;;14833
Q14457;BCL2_HUMAN;;15096
Q14457;BCL2_HUMAN;;15625
Q14457;BCL2_HUMAN;;15939
Q14457;BCL2_HUMAN;;17513
Q14457;BCL2_HUMAN;;18617
Q14457;BCL2_HUMAN;;20392
Q14457;BCL2_HUMAN;;20393
Q14457;BCL2_HUMAN;;23448
Q14457;BCL2_HUMAN;;23932
Q14457;BCL2_HUMAN;;23973
Q14457;BCL2_HUMAN;;23978
Q14457;BCL2_HUMAN;;23994
Q14457;BCL2_HUMAN;;24261
Q14457;BCL2_HUMAN;;24360
Q14457;BCL2_HUMAN;;24385
Q14457;BCL2_HUMAN;;24424
Q14457;BCL2_HUMAN;;24462
Q14457;BCL2_HUMAN;;24480
Q14457;BCL2_HUMAN;;24502
Q14457;BCL2_HUMAN;;24775
Q14457;BCL2_HUMAN;;24823
Q14457;BCL2_HUMAN;;24934
Q14457;BCL2_HUMAN;;24947
Q14457;BCL2_HUMAN;;25408
Q14457;BCL2_HUMAN;;25517
Q14457;BCL2_HUMAN;;26042
Q14457;BCL2_HUMAN;;26177
Q14457;BCL2_HUMAN;;26879
Q14457;BCL2_HUMAN;;27924
Q14457;BCL2_HUMAN;;28179
Q14457;BCL2_HUMAN;;29131
Q14457;BCL2_HUMAN;;29327
Q14457;BCL2_HUMAN;;31211
Q14457;BCL2_HUMAN;;31703
Q14457;BCL2_HUMAN;;33775
Q14457;BCL2_HUMAN;;35823
Q14457;BCL2_HUMAN;;36314
Q14457;BCL2_HUMAN;;37248
Q14457;BCL2_HUMAN;;39484
Q14457;BCL2_HUMAN;;39676
Q14457;BCL2_HUMAN;;39800
Q14457;BCL2_HUMAN;;39836
Q14457;BCL2_HUMAN;;40024
Q14457;BCL2_HUMAN;;40585
Q14457;BCL2_HUMAN;;41867
Q14457;BCL2_HUMAN;;44259
Q14457;BCL2_HUMAN;;47576
Q14457;BCL2_HUMAN;;50367
Q14457;BCL2_HUMAN;;51683
Q14457;BCL2_HUMAN;;54454
Q14457;BCL2_HUMAN;;54900
Q14457;BCL2_HUMAN;;60823
Q14457;BCL2_HUMAN;;62923
Q14457;BCL2_HUMAN;;64735
Q14457;BCL2_HUMAN;;64927
Q14457;BCL2_HUMAN;;65064
Q14457;BCL2_HUMAN;;65312
Q14457;BCL2_HUMAN;;65411
Q14457;BCL2_HUMAN;;65981
Q14457;BCL2_HUMAN;;66166
Q14457;BCL2_HUMAN;;67734
Q14457;BCL2_HUMAN;;67822
Q14457;BCL2_HUMAN;;68296
Q14457;BCL2_HUMAN;;68740
Q14457;BCL2_HUMAN;;71388
Q14457;BCL2_HUMAN;;71905
Q14457;BCL2_HUMAN;;72281
Q14457;BCL2_HUMAN;;73078
Q14457;BCL2_HUMAN;;73384
Q14457;BCL2_HUMAN;;73597
Q14457;BCL2_HUMAN;;74483
Q14457;BCL2_HUMAN;;77222
Q14457;BCL2_HUMAN;;77999
Q14457;BCL2_HUMAN;;84298
Q14457;BCL2_HUMAN;;89594
Q14457;BCL2_HUMAN;;91466
Q14457;BCL2_HUMAN;;91550
Q14457;BCL2_HUMAN;;92427
Q14457;BCL2_HUMAN;;96356
Q14457;BCL2_HUMAN;;104955
Q14457;BCL2_HUMAN;;104993
Q14457;BCL2_HUMAN;;107526
Q14457;BCL2_HUMAN;;107901
Q14457;BCL2_HUMAN;;107969
Q14457;BCL2_HUMAN;;107985
Q14457;BCL2_HUMAN;;108168
Q14457;BCL2_HUMAN;;108223
Q14457;BCL2_HUMAN;;110635
Q14457;BCL2_HUMAN;;114481
Q14457;BCL2_HUMAN;;121396
Q14457;BCL2_HUMAN;;122724
Q14457;BCL2_HUMAN;;122738
Q14457;BCL2_HUMAN;;123631
Q14457;BCL2_HUMAN;;126941
Q14457;BCL2_HUMAN;;154279
Q14457;BCL2_HUMAN;;161557
Q14457;BCL2_HUMAN;;162859
Q14457;BCL2_HUMAN;;165688
Q14457;BCL2_HUMAN;;174706
Q14457;BCL2_HUMAN;;175805
Q14457;BCL2_HUMAN;;176155
Q14457;BCL2_HUMAN;;176408
Q14457;BCL2_HUMAN;;176871
Q14457;BCL2_HUMAN;;177880
Q14457;BCL2_HUMAN;;186907
Q14457;BCL2_HUMAN;;222757
Q14457;BCL2_HUMAN;;246598
Q14457;BCL2_HUMAN;;253602
Q14457;BCL2_HUMAN;;312145
Q14457;BCL2_HUMAN;;352938
Q14457;BCL2_HUMAN;;387447
Q14457;BCL2_HUMAN;;439533
Q14457;BCL2_HUMAN;;441541
Q14457;BCL2_HUMAN;;442458
Q14457;BCL2_HUMAN;;442530
Q14457;BCL2_HUMAN;;442583
Q14457;BCL2_HUMAN;;442793
Q14457;BCL2_HUMAN;;443495
Q14457;BCL2_HUMAN;;444795
Q14457;BCL2_HUMAN;;445154
Q14457;BCL2_HUMAN;;445434
Q14457;BCL2_HUMAN;;446925
Q14457;BCL2_HUMAN;;448537
Q14457;BCL2_HUMAN;;448601
Q14457;BCL2_HUMAN;;451668
Q14457;BCL2_HUMAN;;457193
Q14457;BCL2_HUMAN;;590836
Q14457;BCL2_HUMAN;;644019
Q14457;BCL2_HUMAN;;830608
Q14457;BCL2_HUMAN;;969516
Q14457;BCL2_HUMAN;;1548943
Q14457;BCL2_HUMAN;;1548972
Q14457;BCL2_HUMAN;;2733515
Q14457;BCL2_HUMAN;;2834965
Q14457;BCL2_HUMAN;;3000706
Q14457;BCL2_HUMAN;;3006531
Q14457;BCL2_HUMAN;;3018355
Q14457;BCL2_HUMAN;;3032536
Q14457;BCL2_HUMAN;;3032581
Q14457;BCL2_HUMAN;;3086599
Q14457;BCL2_HUMAN;;3091786
Q14457;BCL2_HUMAN;;3467590
Q14457;BCL2_HUMAN;;3825829
Q14457;BCL2_HUMAN;;4068248
Q14457;BCL2_HUMAN;;5280343
Q14457;BCL2_HUMAN;;5280443
Q14457;BCL2_HUMAN;;5280445
Q14457;BCL2_HUMAN;;5280453
Q14457;BCL2_HUMAN;;5280647
Q14457;BCL2_HUMAN;;5280795
Q14457;BCL2_HUMAN;;5280795
Q14457;BCL2_HUMAN;;5281224
Q14457;BCL2_HUMAN;;5281233
Q14457;BCL2_HUMAN;;5281319
Q14457;BCL2_HUMAN;;5281576
Q14457;BCL2_HUMAN;;5281605
Q14457;BCL2_HUMAN;;5281614
Q14457;BCL2_HUMAN;;5281616
Q14457;BCL2_HUMAN;;5281727
Q14457;BCL2_HUMAN;;5281788
Q14457;BCL2_HUMAN;;5281847
Q14457;BCL2_HUMAN;;5281858
Q14457;BCL2_HUMAN;;5283560
Q14457;BCL2_HUMAN;;5284373
Q14457;BCL2_HUMAN;;5284461
Q14457;BCL2_HUMAN;;5288783
Q14457;BCL2_HUMAN;;5288826
Q14457;BCL2_HUMAN;;5311139
Q14457;BCL2_HUMAN;;5311172
Q14457;BCL2_HUMAN;;5311501
Q14457;BCL2_HUMAN;;5329102
Q14457;BCL2_HUMAN;;5352425
Q14457;BCL2_HUMAN;;5353431
Q14457;BCL2_HUMAN;;5359596
Q14457;BCL2_HUMAN;;5387181
Q14457;BCL2_HUMAN;;5388962
Q14457;BCL2_HUMAN;;5458510
Q14457;BCL2_HUMAN;;5459308
Q14457;BCL2_HUMAN;;5462310
Q14457;BCL2_HUMAN;;5462310
Q14457;BCL2_HUMAN;;5497171
Q14457;BCL2_HUMAN;;5702538
Q14457;BCL2_HUMAN;;5717801
Q14457;BCL2_HUMAN;;6018993
Q14457;BCL2_HUMAN;;6326970
Q14457;BCL2_HUMAN;;6435890
Q14457;BCL2_HUMAN;;6436223
Q14457;BCL2_HUMAN;;6476031
Q14457;BCL2_HUMAN;;6914120
Q14457;BCL2_HUMAN;;6918774
Q14457;BCL2_HUMAN;;9549209
Q14457;BCL2_HUMAN;;9578570
Q14457;BCL2_HUMAN;;9814817
Q14457;BCL2_HUMAN;;9818306
Q14457;BCL2_HUMAN;;9887712
Q14457;BCL2_HUMAN;;9910393
Q14457;BCL2_HUMAN;;9918693
Q14457;BCL2_HUMAN;;10091424
Q14457;BCL2_HUMAN;;10200390
Q14457;BCL2_HUMAN;;10313045
Q14457;BCL2_HUMAN;;10334137
Q14457;BCL2_HUMAN;;11168203
Q14457;BCL2_HUMAN;;11178236
Q14457;BCL2_HUMAN;;11228183
Q14457;BCL2_HUMAN;;11450633
Q14457;BCL2_HUMAN;;11524144
Q14457;BCL2_HUMAN;;11601669
Q14457;BCL2_HUMAN;;11655119
Q14457;BCL2_HUMAN;;11784642
Q14457;BCL2_HUMAN;;11949646
Q14457;BCL2_HUMAN;;12313376
Q14457;BCL2_HUMAN;;12359166
Q14457;BCL2_HUMAN;;12934390
Q14457;BCL2_HUMAN;;14036811
Q14457;BCL2_HUMAN;;14101198
Q14457;BCL2_HUMAN;;14240392
Q14457;BCL2_HUMAN;;15558620
Q14457;BCL2_HUMAN;;16211032
Q14457;BCL2_HUMAN;;21146795
Q14457;BCL2_HUMAN;;21944094
Q14457;BCL2_HUMAN;;24776445
Q14457;BCL2_HUMAN;;24808138
Q14457;BCL2_HUMAN;;24866313
Q14457;BCL2_HUMAN;;25167777
Q14457;BCL2_HUMAN;;44144393
Q14457;BCL2_HUMAN;;46907787
Q14457;BCL2_HUMAN;;53308655
Q14457;BCL2_HUMAN;;53308705
Q14457;BCL2_HUMAN;;53469448
Q14457;BCL2_HUMAN;;54679073
Q14457;BCL2_HUMAN;;54680783
Q14457;BCL2_HUMAN;;56970298
Q14457;BCL2_HUMAN;;57426056
Q14457;BCL2_HUMAN;;69247748
Q14457;BCL2_HUMAN;;71307558
Q14457;BCL2_HUMAN;;73073981
Q14457;BCL2_HUMAN;;76336194
Q14457;BCL2_HUMAN;;88776687
Q14457;BCL2_HUMAN;;135398658
Q14457;BCL2_HUMAN;;135398661
Q14457;BCL2_HUMAN;;139269842
Q14457;BCL2_HUMAN;;154926030
Q14457;BCL2_HUMAN;;169408274
Q8N726;CDN2A_HUMAN;;11
Q8N726;CDN2A_HUMAN;;241
Q8N726;CDN2A_HUMAN;;247
Q8N726;CDN2A_HUMAN;;264
Q8N726;CDN2A_HUMAN;;297
Q8N726;CDN2A_HUMAN;;544
Q8N726;CDN2A_HUMAN;;702
Q8N726;CDN2A_HUMAN;;784
Q8N726;CDN2A_HUMAN;;785
Q8N726;CDN2A_HUMAN;;890
Q8N726;CDN2A_HUMAN;;896
Q8N726;CDN2A_HUMAN;;935
Q8N726;CDN2A_HUMAN;;936
Q8N726;CDN2A_HUMAN;;977
Q8N726;CDN2A_HUMAN;;991
Q8N726;CDN2A_HUMAN;;1119
Q8N726;CDN2A_HUMAN;;1254
Q8N726;CDN2A_HUMAN;;1322
Q8N726;CDN2A_HUMAN;;1530
Q8N726;CDN2A_HUMAN;;1983
Q8N726;CDN2A_HUMAN;;2148
Q8N726;CDN2A_HUMAN;;2236
Q8N726;CDN2A_HUMAN;;2336
Q8N726;CDN2A_HUMAN;;2347
Q8N726;CDN2A_HUMAN;;2478
Q8N726;CDN2A_HUMAN;;2513
Q8N726;CDN2A_HUMAN;;2533
Q8N726;CDN2A_HUMAN;;2578
Q8N726;CDN2A_HUMAN;;2719
Q8N726;CDN2A_HUMAN;;2797
Q8N726;CDN2A_HUMAN;;2912
Q8N726;CDN2A_HUMAN;;2973
Q8N726;CDN2A_HUMAN;;3026
Q8N726;CDN2A_HUMAN;;3036
Q8N726;CDN2A_HUMAN;;3120
Q8N726;CDN2A_HUMAN;;3121
Q8N726;CDN2A_HUMAN;;3334
Q8N726;CDN2A_HUMAN;;3385
Q8N726;CDN2A_HUMAN;;3386
Q8N726;CDN2A_HUMAN;;3496
Q8N726;CDN2A_HUMAN;;3536
Q8N726;CDN2A_HUMAN;;3637
Q8N726;CDN2A_HUMAN;;3639
Q8N726;CDN2A_HUMAN;;3657
Q8N726;CDN2A_HUMAN;;3676
Q8N726;CDN2A_HUMAN;;3749
Q8N726;CDN2A_HUMAN;;3902
Q8N726;CDN2A_HUMAN;;3973
Q8N726;CDN2A_HUMAN;;4032
Q8N726;CDN2A_HUMAN;;4055
Q8N726;CDN2A_HUMAN;;4115
Q8N726;CDN2A_HUMAN;;4261
Q8N726;CDN2A_HUMAN;;4763
Q8N726;CDN2A_HUMAN;;4913
Q8N726;CDN2A_HUMAN;;4927
Q8N726;CDN2A_HUMAN;;5186
Q8N726;CDN2A_HUMAN;;5235
Q8N726;CDN2A_HUMAN;;5258
Q8N726;CDN2A_HUMAN;;5291
Q8N726;CDN2A_HUMAN;;5350
Q8N726;CDN2A_HUMAN;;5394
Q8N726;CDN2A_HUMAN;;5452
Q8N726;CDN2A_HUMAN;;5564
Q8N726;CDN2A_HUMAN;;5641
Q8N726;CDN2A_HUMAN;;5694
Q8N726;CDN2A_HUMAN;;5753
Q8N726;CDN2A_HUMAN;;5757
Q8N726;CDN2A_HUMAN;;5770
Q8N726;CDN2A_HUMAN;;5833
Q8N726;CDN2A_HUMAN;;5865
Q8N726;CDN2A_HUMAN;;5881
Q8N726;CDN2A_HUMAN;;5897
Q8N726;CDN2A_HUMAN;;5909
Q8N726;CDN2A_HUMAN;;5921
Q8N726;CDN2A_HUMAN;;5936
Q8N726;CDN2A_HUMAN;;5943
Q8N726;CDN2A_HUMAN;;5952
Q8N726;CDN2A_HUMAN;;5959
Q8N726;CDN2A_HUMAN;;6001
Q8N726;CDN2A_HUMAN;;6036
Q8N726;CDN2A_HUMAN;;6124
Q8N726;CDN2A_HUMAN;;6197
Q8N726;CDN2A_HUMAN;;6303
Q8N726;CDN2A_HUMAN;;6338
Q8N726;CDN2A_HUMAN;;6410
Q8N726;CDN2A_HUMAN;;6549
Q8N726;CDN2A_HUMAN;;6597
Q8N726;CDN2A_HUMAN;;6623
Q8N726;CDN2A_HUMAN;;6626
Q8N726;CDN2A_HUMAN;;6636
Q8N726;CDN2A_HUMAN;;6754
Q8N726;CDN2A_HUMAN;;6781
Q8N726;CDN2A_HUMAN;;6782
Q8N726;CDN2A_HUMAN;;7127
Q8N726;CDN2A_HUMAN;;7290
Q8N726;CDN2A_HUMAN;;7489
Q8N726;CDN2A_HUMAN;;7833
Q8N726;CDN2A_HUMAN;;8029
Q8N726;CDN2A_HUMAN;;8343
Q8N726;CDN2A_HUMAN;;8370
Q8N726;CDN2A_HUMAN;;8434
Q8N726;CDN2A_HUMAN;;8461
Q8N726;CDN2A_HUMAN;;8515
Q8N726;CDN2A_HUMAN;;8575
Q8N726;CDN2A_HUMAN;;9153
Q8N726;CDN2A_HUMAN;;9317
Q8N726;CDN2A_HUMAN;;9444
Q8N726;CDN2A_HUMAN;;9554
Q8N726;CDN2A_HUMAN;;10404
Q8N726;CDN2A_HUMAN;;10461
Q8N726;CDN2A_HUMAN;;10836
Q8N726;CDN2A_HUMAN;;11164
Q8N726;CDN2A_HUMAN;;12035
Q8N726;CDN2A_HUMAN;;12111
Q8N726;CDN2A_HUMAN;;12251
Q8N726;CDN2A_HUMAN;;12967
Q8N726;CDN2A_HUMAN;;14180
Q8N726;CDN2A_HUMAN;;14457
Q8N726;CDN2A_HUMAN;;14805
Q8N726;CDN2A_HUMAN;;14833
Q8N726;CDN2A_HUMAN;;15625
Q8N726;CDN2A_HUMAN;;15625
Q8N726;CDN2A_HUMAN;;15939
Q8N726;CDN2A_HUMAN;;16078
Q8N726;CDN2A_HUMAN;;18283
Q8N726;CDN2A_HUMAN;;18529
Q8N726;CDN2A_HUMAN;;20393
Q8N726;CDN2A_HUMAN;;23973
Q8N726;CDN2A_HUMAN;;23976
Q8N726;CDN2A_HUMAN;;23978
Q8N726;CDN2A_HUMAN;;24385
Q8N726;CDN2A_HUMAN;;24462
Q8N726;CDN2A_HUMAN;;24470
Q8N726;CDN2A_HUMAN;;24502
Q8N726;CDN2A_HUMAN;;24612
Q8N726;CDN2A_HUMAN;;24823
Q8N726;CDN2A_HUMAN;;24857
Q8N726;CDN2A_HUMAN;;24934
Q8N726;CDN2A_HUMAN;;24947
Q8N726;CDN2A_HUMAN;;25408
Q8N726;CDN2A_HUMAN;;25477
Q8N726;CDN2A_HUMAN;;25517
Q8N726;CDN2A_HUMAN;;26041
Q8N726;CDN2A_HUMAN;;26042
Q8N726;CDN2A_HUMAN;;26077
Q8N726;CDN2A_HUMAN;;26090
Q8N726;CDN2A_HUMAN;;27924
Q8N726;CDN2A_HUMAN;;28094
Q8N726;CDN2A_HUMAN;;28179
Q8N726;CDN2A_HUMAN;;29131
Q8N726;CDN2A_HUMAN;;29327
Q8N726;CDN2A_HUMAN;;30323
Q8N726;CDN2A_HUMAN;;31703
Q8N726;CDN2A_HUMAN;;31736
Q8N726;CDN2A_HUMAN;;33037
Q8N726;CDN2A_HUMAN;;33184
Q8N726;CDN2A_HUMAN;;35370
Q8N726;CDN2A_HUMAN;;36462
Q8N726;CDN2A_HUMAN;;39484
Q8N726;CDN2A_HUMAN;;40127
Q8N726;CDN2A_HUMAN;;47289
Q8N726;CDN2A_HUMAN;;54454
Q8N726;CDN2A_HUMAN;;60750
Q8N726;CDN2A_HUMAN;;60838
Q8N726;CDN2A_HUMAN;;60953
Q8N726;CDN2A_HUMAN;;65064
Q8N726;CDN2A_HUMAN;;67499
Q8N726;CDN2A_HUMAN;;67734
Q8N726;CDN2A_HUMAN;;71398
Q8N726;CDN2A_HUMAN;;75318
Q8N726;CDN2A_HUMAN;;82148
Q8N726;CDN2A_HUMAN;;89594
Q8N726;CDN2A_HUMAN;;91144
Q8N726;CDN2A_HUMAN;;92272
Q8N726;CDN2A_HUMAN;;92729
Q8N726;CDN2A_HUMAN;;105034
Q8N726;CDN2A_HUMAN;;107526
Q8N726;CDN2A_HUMAN;;107876
Q8N726;CDN2A_HUMAN;;107876
Q8N726;CDN2A_HUMAN;;110394
Q8N726;CDN2A_HUMAN;;119245
Q8N726;CDN2A_HUMAN;;123591
Q8N726;CDN2A_HUMAN;;148124
Q8N726;CDN2A_HUMAN;;161597
Q8N726;CDN2A_HUMAN;;163263
Q8N726;CDN2A_HUMAN;;163659
Q8N726;CDN2A_HUMAN;;171249
Q8N726;CDN2A_HUMAN;;176155
Q8N726;CDN2A_HUMAN;;186907
Q8N726;CDN2A_HUMAN;;261000
Q8N726;CDN2A_HUMAN;;409301
Q8N726;CDN2A_HUMAN;;433294
Q8N726;CDN2A_HUMAN;;439246
Q8N726;CDN2A_HUMAN;;441541
Q8N726;CDN2A_HUMAN;;442530
Q8N726;CDN2A_HUMAN;;443119
Q8N726;CDN2A_HUMAN;;443495
Q8N726;CDN2A_HUMAN;;444732
Q8N726;CDN2A_HUMAN;;444795
Q8N726;CDN2A_HUMAN;;445154
Q8N726;CDN2A_HUMAN;;445434
Q8N726;CDN2A_HUMAN;;446738
Q8N726;CDN2A_HUMAN;;447905
Q8N726;CDN2A_HUMAN;;451668
Q8N726;CDN2A_HUMAN;;456214
Q8N726;CDN2A_HUMAN;;459617
Q8N726;CDN2A_HUMAN;;462382
Q8N726;CDN2A_HUMAN;;517277
Q8N726;CDN2A_HUMAN;;590836
Q8N726;CDN2A_HUMAN;;627458
Q8N726;CDN2A_HUMAN;;642376
Q8N726;CDN2A_HUMAN;;644019
Q8N726;CDN2A_HUMAN;;657298
Q8N726;CDN2A_HUMAN;;830608
Q8N726;CDN2A_HUMAN;;969516
Q8N726;CDN2A_HUMAN;;1349907
Q8N726;CDN2A_HUMAN;;1548887
Q8N726;CDN2A_HUMAN;;1548943
Q8N726;CDN2A_HUMAN;;2723949
Q8N726;CDN2A_HUMAN;;2733487
Q8N726;CDN2A_HUMAN;;3006531
Q8N726;CDN2A_HUMAN;;3032552
Q8N726;CDN2A_HUMAN;;3032581
Q8N726;CDN2A_HUMAN;;3082143
Q8N726;CDN2A_HUMAN;;3091786
Q8N726;CDN2A_HUMAN;;4068248
Q8N726;CDN2A_HUMAN;;4521392
Q8N726;CDN2A_HUMAN;;5113032
Q8N726;CDN2A_HUMAN;;5280343
Q8N726;CDN2A_HUMAN;;5280953
Q8N726;CDN2A_HUMAN;;5281576
Q8N726;CDN2A_HUMAN;;5281703
Q8N726;CDN2A_HUMAN;;5281727
Q8N726;CDN2A_HUMAN;;5281787
Q8N726;CDN2A_HUMAN;;5284359
Q8N726;CDN2A_HUMAN;;5284461
Q8N726;CDN2A_HUMAN;;5284616
Q8N726;CDN2A_HUMAN;;5287969
Q8N726;CDN2A_HUMAN;;5288209
Q8N726;CDN2A_HUMAN;;5311497
Q8N726;CDN2A_HUMAN;;5315263
Q8N726;CDN2A_HUMAN;;5330286
Q8N726;CDN2A_HUMAN;;5359596
Q8N726;CDN2A_HUMAN;;5388993
Q8N726;CDN2A_HUMAN;;5460467
Q8N726;CDN2A_HUMAN;;5462310
Q8N726;CDN2A_HUMAN;;5717801
Q8N726;CDN2A_HUMAN;;6433207
Q8N726;CDN2A_HUMAN;;6438357
Q8N726;CDN2A_HUMAN;;6442177
Q8N726;CDN2A_HUMAN;;6452300
Q8N726;CDN2A_HUMAN;;6917864
Q8N726;CDN2A_HUMAN;;6918638
Q8N726;CDN2A_HUMAN;;9549209
Q8N726;CDN2A_HUMAN;;9855813
Q8N726;CDN2A_HUMAN;;9887054
Q8N726;CDN2A_HUMAN;;9910393
Q8N726;CDN2A_HUMAN;;9988135
Q8N726;CDN2A_HUMAN;;10017512
Q8N726;CDN2A_HUMAN;;10214423
Q8N726;CDN2A_HUMAN;;11524144
Q8N726;CDN2A_HUMAN;;11719003
Q8N726;CDN2A_HUMAN;;11751549
Q8N726;CDN2A_HUMAN;;15571694
Q8N726;CDN2A_HUMAN;;15983966
Q8N726;CDN2A_HUMAN;;16222096
Q8N726;CDN2A_HUMAN;;16654980
Q8N726;CDN2A_HUMAN;;16682730
Q8N726;CDN2A_HUMAN;;16718576
Q8N726;CDN2A_HUMAN;;21679027
Q8N726;CDN2A_HUMAN;;23672308
Q8N726;CDN2A_HUMAN;;24785538
Q8N726;CDN2A_HUMAN;;24857286
Q8N726;CDN2A_HUMAN;;25033539
Q8N726;CDN2A_HUMAN;;42611257
Q8N726;CDN2A_HUMAN;;44462760
Q8N726;CDN2A_HUMAN;;44631903
Q8N726;CDN2A_HUMAN;;44631912
Q8N726;CDN2A_HUMAN;;45375953
Q8N726;CDN2A_HUMAN;;46207586
Q8N726;CDN2A_HUMAN;;46220502
Q8N726;CDN2A_HUMAN;;46854655
Q8N726;CDN2A_HUMAN;;46907787
Q8N726;CDN2A_HUMAN;;50992434
Q8N726;CDN2A_HUMAN;;54215251
Q8N726;CDN2A_HUMAN;;54670067
Q8N726;CDN2A_HUMAN;;54676038
Q8N726;CDN2A_HUMAN;;54676228
Q8N726;CDN2A_HUMAN;;56649281
Q8N726;CDN2A_HUMAN;;71494949
Q8N726;CDN2A_HUMAN;;71600087
Q8N726;CDN2A_HUMAN;;86278622
Q8N726;CDN2A_HUMAN;;86287518
Q8N726;CDN2A_HUMAN;;88776687
Q8N726;CDN2A_HUMAN;;121492971
Q8N726;CDN2A_HUMAN;;131633415
Q8N726;CDN2A_HUMAN;;135398658
Q8N726;CDN2A_HUMAN;;135984730
Q8N726;CDN2A_HUMAN;;168010173
P05019;IGF1_HUMAN;;11
P05019;IGF1_HUMAN;;178
P05019;IGF1_HUMAN;;206
P05019;IGF1_HUMAN;;222
P05019;IGF1_HUMAN;;264
P05019;IGF1_HUMAN;;297
P05019;IGF1_HUMAN;;300
P05019;IGF1_HUMAN;;312
P05019;IGF1_HUMAN;;460
P05019;IGF1_HUMAN;;544
P05019;IGF1_HUMAN;;702
P05019;IGF1_HUMAN;;727
P05019;IGF1_HUMAN;;784
P05019;IGF1_HUMAN;;785
P05019;IGF1_HUMAN;;896
P05019;IGF1_HUMAN;;931
P05019;IGF1_HUMAN;;935
P05019;IGF1_HUMAN;;977
P05019;IGF1_HUMAN;;980
P05019;IGF1_HUMAN;;1018
P05019;IGF1_HUMAN;;1254
P05019;IGF1_HUMAN;;1322
P05019;IGF1_HUMAN;;1388
P05019;IGF1_HUMAN;;1775
P05019;IGF1_HUMAN;;1983
P05019;IGF1_HUMAN;;2083
P05019;IGF1_HUMAN;;2162
P05019;IGF1_HUMAN;;2247
P05019;IGF1_HUMAN;;2256
P05019;IGF1_HUMAN;;2265
P05019;IGF1_HUMAN;;2286
P05019;IGF1_HUMAN;;2333
P05019;IGF1_HUMAN;;2336
P05019;IGF1_HUMAN;;2337
P05019;IGF1_HUMAN;;2347
P05019;IGF1_HUMAN;;2361
P05019;IGF1_HUMAN;;2375
P05019;IGF1_HUMAN;;2477
P05019;IGF1_HUMAN;;2513
P05019;IGF1_HUMAN;;2519
P05019;IGF1_HUMAN;;2526
P05019;IGF1_HUMAN;;2540
P05019;IGF1_HUMAN;;2554
P05019;IGF1_HUMAN;;2578
P05019;IGF1_HUMAN;;2703
P05019;IGF1_HUMAN;;2730
P05019;IGF1_HUMAN;;2796
P05019;IGF1_HUMAN;;2797
P05019;IGF1_HUMAN;;2912
P05019;IGF1_HUMAN;;2998
P05019;IGF1_HUMAN;;3017
P05019;IGF1_HUMAN;;3026
P05019;IGF1_HUMAN;;3035
P05019;IGF1_HUMAN;;3036
P05019;IGF1_HUMAN;;3053
P05019;IGF1_HUMAN;;3101
P05019;IGF1_HUMAN;;3120
P05019;IGF1_HUMAN;;3121
P05019;IGF1_HUMAN;;3224
P05019;IGF1_HUMAN;;3331
P05019;IGF1_HUMAN;;3347
P05019;IGF1_HUMAN;;3352
P05019;IGF1_HUMAN;;3385
P05019;IGF1_HUMAN;;3397
P05019;IGF1_HUMAN;;3440
P05019;IGF1_HUMAN;;3446
P05019;IGF1_HUMAN;;3488
P05019;IGF1_HUMAN;;3496
P05019;IGF1_HUMAN;;3589
P05019;IGF1_HUMAN;;3672
P05019;IGF1_HUMAN;;3676
P05019;IGF1_HUMAN;;3715
P05019;IGF1_HUMAN;;3758
P05019;IGF1_HUMAN;;3763
P05019;IGF1_HUMAN;;3779
P05019;IGF1_HUMAN;;3899
P05019;IGF1_HUMAN;;3973
P05019;IGF1_HUMAN;;4115
P05019;IGF1_HUMAN;;4156
P05019;IGF1_HUMAN;;4247
P05019;IGF1_HUMAN;;4284
P05019;IGF1_HUMAN;;4449
P05019;IGF1_HUMAN;;4485
P05019;IGF1_HUMAN;;4495
P05019;IGF1_HUMAN;;4594
P05019;IGF1_HUMAN;;4713
P05019;IGF1_HUMAN;;4754
P05019;IGF1_HUMAN;;4763
P05019;IGF1_HUMAN;;4778
P05019;IGF1_HUMAN;;4788
P05019;IGF1_HUMAN;;4829
P05019;IGF1_HUMAN;;4871
P05019;IGF1_HUMAN;;4873
P05019;IGF1_HUMAN;;4943
P05019;IGF1_HUMAN;;5042
P05019;IGF1_HUMAN;;5206
P05019;IGF1_HUMAN;;5213
P05019;IGF1_HUMAN;;5234
P05019;IGF1_HUMAN;;5235
P05019;IGF1_HUMAN;;5291
P05019;IGF1_HUMAN;;5382
P05019;IGF1_HUMAN;;5426
P05019;IGF1_HUMAN;;5519
P05019;IGF1_HUMAN;;5564
P05019;IGF1_HUMAN;;5591
P05019;IGF1_HUMAN;;5641
P05019;IGF1_HUMAN;;5694
P05019;IGF1_HUMAN;;5743
P05019;IGF1_HUMAN;;5753
P05019;IGF1_HUMAN;;5754
P05019;IGF1_HUMAN;;5755
P05019;IGF1_HUMAN;;5756
P05019;IGF1_HUMAN;;5757
P05019;IGF1_HUMAN;;5757
P05019;IGF1_HUMAN;;5789
P05019;IGF1_HUMAN;;5819
P05019;IGF1_HUMAN;;5852
P05019;IGF1_HUMAN;;5865
P05019;IGF1_HUMAN;;5889
P05019;IGF1_HUMAN;;5917
P05019;IGF1_HUMAN;;5920
P05019;IGF1_HUMAN;;5921
P05019;IGF1_HUMAN;;5943
P05019;IGF1_HUMAN;;5952
P05019;IGF1_HUMAN;;5988
P05019;IGF1_HUMAN;;5991
P05019;IGF1_HUMAN;;5994
P05019;IGF1_HUMAN;;5997
P05019;IGF1_HUMAN;;6001
P05019;IGF1_HUMAN;;6013
P05019;IGF1_HUMAN;;6041
P05019;IGF1_HUMAN;;6128
P05019;IGF1_HUMAN;;6137
P05019;IGF1_HUMAN;;6197
P05019;IGF1_HUMAN;;6207
P05019;IGF1_HUMAN;;6228
P05019;IGF1_HUMAN;;6251
P05019;IGF1_HUMAN;;6303
P05019;IGF1_HUMAN;;6338
P05019;IGF1_HUMAN;;6366
P05019;IGF1_HUMAN;;6410
P05019;IGF1_HUMAN;;6529
P05019;IGF1_HUMAN;;6540
P05019;IGF1_HUMAN;;6575
P05019;IGF1_HUMAN;;6579
P05019;IGF1_HUMAN;;6618
P05019;IGF1_HUMAN;;6623
P05019;IGF1_HUMAN;;6625
P05019;IGF1_HUMAN;;6626
P05019;IGF1_HUMAN;;6636
P05019;IGF1_HUMAN;;6758
P05019;IGF1_HUMAN;;6777
P05019;IGF1_HUMAN;;6781
P05019;IGF1_HUMAN;;6795
P05019;IGF1_HUMAN;;6944
P05019;IGF1_HUMAN;;6950
P05019;IGF1_HUMAN;;7127
P05019;IGF1_HUMAN;;7187
P05019;IGF1_HUMAN;;7290
P05019;IGF1_HUMAN;;7961
P05019;IGF1_HUMAN;;8029
P05019;IGF1_HUMAN;;8289
P05019;IGF1_HUMAN;;8343
P05019;IGF1_HUMAN;;8370
P05019;IGF1_HUMAN;;8445
P05019;IGF1_HUMAN;;8461
P05019;IGF1_HUMAN;;8515
P05019;IGF1_HUMAN;;8554
P05019;IGF1_HUMAN;;8561
P05019;IGF1_HUMAN;;8606
P05019;IGF1_HUMAN;;8607
P05019;IGF1_HUMAN;;8742
P05019;IGF1_HUMAN;;8814
P05019;IGF1_HUMAN;;8955
P05019;IGF1_HUMAN;;9001
P05019;IGF1_HUMAN;;9119
P05019;IGF1_HUMAN;;9153
P05019;IGF1_HUMAN;;9154
P05019;IGF1_HUMAN;;9317
P05019;IGF1_HUMAN;;9416
P05019;IGF1_HUMAN;;9502
P05019;IGF1_HUMAN;;9554
P05019;IGF1_HUMAN;;9687
P05019;IGF1_HUMAN;;9723
P05019;IGF1_HUMAN;;9880
P05019;IGF1_HUMAN;;10288
P05019;IGF1_HUMAN;;10461
P05019;IGF1_HUMAN;;10635
P05019;IGF1_HUMAN;;11045
P05019;IGF1_HUMAN;;11164
P05019;IGF1_HUMAN;;11349
P05019;IGF1_HUMAN;;11742
P05019;IGF1_HUMAN;;11747
P05019;IGF1_HUMAN;;12035
P05019;IGF1_HUMAN;;12111
P05019;IGF1_HUMAN;;12389
P05019;IGF1_HUMAN;;12699
P05019;IGF1_HUMAN;;13089
P05019;IGF1_HUMAN;;13109
P05019;IGF1_HUMAN;;13257
P05019;IGF1_HUMAN;;13591
P05019;IGF1_HUMAN;;13836
P05019;IGF1_HUMAN;;14219
P05019;IGF1_HUMAN;;14257
P05019;IGF1_HUMAN;;14410
P05019;IGF1_HUMAN;;14805
P05019;IGF1_HUMAN;;14806
P05019;IGF1_HUMAN;;15032
P05019;IGF1_HUMAN;;15096
P05019;IGF1_HUMAN;;15625
P05019;IGF1_HUMAN;;15787
P05019;IGF1_HUMAN;;15939
P05019;IGF1_HUMAN;;16078
P05019;IGF1_HUMAN;;16322
P05019;IGF1_HUMAN;;17570
P05019;IGF1_HUMAN;;18529
P05019;IGF1_HUMAN;;18728
P05019;IGF1_HUMAN;;20392
P05019;IGF1_HUMAN;;22932
P05019;IGF1_HUMAN;;23931
P05019;IGF1_HUMAN;;23954
P05019;IGF1_HUMAN;;23973
P05019;IGF1_HUMAN;;23976
P05019;IGF1_HUMAN;;23978
P05019;IGF1_HUMAN;;23985
P05019;IGF1_HUMAN;;23994
P05019;IGF1_HUMAN;;24012
P05019;IGF1_HUMAN;;24014
P05019;IGF1_HUMAN;;24085
P05019;IGF1_HUMAN;;24197
P05019;IGF1_HUMAN;;24261
P05019;IGF1_HUMAN;;24385
P05019;IGF1_HUMAN;;24408
P05019;IGF1_HUMAN;;24424
P05019;IGF1_HUMAN;;24462
P05019;IGF1_HUMAN;;24480
P05019;IGF1_HUMAN;;24502
P05019;IGF1_HUMAN;;24808
P05019;IGF1_HUMAN;;24934
P05019;IGF1_HUMAN;;24947
P05019;IGF1_HUMAN;;24965
P05019;IGF1_HUMAN;;25408
P05019;IGF1_HUMAN;;25477
P05019;IGF1_HUMAN;;25517
P05019;IGF1_HUMAN;;25674
P05019;IGF1_HUMAN;;26176
P05019;IGF1_HUMAN;;26177
P05019;IGF1_HUMAN;;27924
P05019;IGF1_HUMAN;;29327
P05019;IGF1_HUMAN;;30323
P05019;IGF1_HUMAN;;31369
P05019;IGF1_HUMAN;;31703
P05019;IGF1_HUMAN;;32014
P05019;IGF1_HUMAN;;33184
P05019;IGF1_HUMAN;;36159
P05019;IGF1_HUMAN;;36811
P05019;IGF1_HUMAN;;37034
P05019;IGF1_HUMAN;;37035
P05019;IGF1_HUMAN;;37036
P05019;IGF1_HUMAN;;37182
P05019;IGF1_HUMAN;;38018
P05019;IGF1_HUMAN;;38251
P05019;IGF1_HUMAN;;38479
P05019;IGF1_HUMAN;;39042
P05019;IGF1_HUMAN;;39385
P05019;IGF1_HUMAN;;39484
P05019;IGF1_HUMAN;;39676
P05019;IGF1_HUMAN;;40024
P05019;IGF1_HUMAN;;40585
P05019;IGF1_HUMAN;;43226
P05019;IGF1_HUMAN;;43234
P05019;IGF1_HUMAN;;44259
P05019;IGF1_HUMAN;;47462
P05019;IGF1_HUMAN;;47936
P05019;IGF1_HUMAN;;53232
P05019;IGF1_HUMAN;;54454
P05019;IGF1_HUMAN;;54900
P05019;IGF1_HUMAN;;55245
P05019;IGF1_HUMAN;;60700
P05019;IGF1_HUMAN;;60838
P05019;IGF1_HUMAN;;60961
P05019;IGF1_HUMAN;;61486
P05019;IGF1_HUMAN;;62531
P05019;IGF1_HUMAN;;62959
P05019;IGF1_HUMAN;;63090
P05019;IGF1_HUMAN;;65064
P05019;IGF1_HUMAN;;66021
P05019;IGF1_HUMAN;;66166
P05019;IGF1_HUMAN;;66420
P05019;IGF1_HUMAN;;67296
P05019;IGF1_HUMAN;;67545
P05019;IGF1_HUMAN;;67821
P05019;IGF1_HUMAN;;68296
P05019;IGF1_HUMAN;;68546
P05019;IGF1_HUMAN;;68740
P05019;IGF1_HUMAN;;68861
P05019;IGF1_HUMAN;;71398
P05019;IGF1_HUMAN;;72304
P05019;IGF1_HUMAN;;72435
P05019;IGF1_HUMAN;;73665
P05019;IGF1_HUMAN;;73864
P05019;IGF1_HUMAN;;74483
P05019;IGF1_HUMAN;;75576
P05019;IGF1_HUMAN;;75725
P05019;IGF1_HUMAN;;76302
P05019;IGF1_HUMAN;;77999
P05019;IGF1_HUMAN;;82146
P05019;IGF1_HUMAN;;83975
P05019;IGF1_HUMAN;;84704
P05019;IGF1_HUMAN;;86132
P05019;IGF1_HUMAN;;89594
P05019;IGF1_HUMAN;;91511
P05019;IGF1_HUMAN;;91820
P05019;IGF1_HUMAN;;95168
P05019;IGF1_HUMAN;;95170
P05019;IGF1_HUMAN;;100332
P05019;IGF1_HUMAN;;100907
P05019;IGF1_HUMAN;;103634
P05019;IGF1_HUMAN;;104730
P05019;IGF1_HUMAN;;104741
P05019;IGF1_HUMAN;;104850
P05019;IGF1_HUMAN;;104865
P05019;IGF1_HUMAN;;107526
P05019;IGF1_HUMAN;;107901
P05019;IGF1_HUMAN;;107935
P05019;IGF1_HUMAN;;107982
P05019;IGF1_HUMAN;;107985
P05019;IGF1_HUMAN;;108007
P05019;IGF1_HUMAN;;123591
P05019;IGF1_HUMAN;;123631
P05019;IGF1_HUMAN;;123976
P05019;IGF1_HUMAN;;124886
P05019;IGF1_HUMAN;;129228
P05019;IGF1_HUMAN;;136917
P05019;IGF1_HUMAN;;158103
P05019;IGF1_HUMAN;;158333
P05019;IGF1_HUMAN;;160570
P05019;IGF1_HUMAN;;161597
P05019;IGF1_HUMAN;;168836
P05019;IGF1_HUMAN;;170209
P05019;IGF1_HUMAN;;171092
P05019;IGF1_HUMAN;;171249
P05019;IGF1_HUMAN;;176155
P05019;IGF1_HUMAN;;179337
P05019;IGF1_HUMAN;;186907
P05019;IGF1_HUMAN;;216239
P05019;IGF1_HUMAN;;222757
P05019;IGF1_HUMAN;;232446
P05019;IGF1_HUMAN;;246598
P05019;IGF1_HUMAN;;253602
P05019;IGF1_HUMAN;;261000
P05019;IGF1_HUMAN;;312145
P05019;IGF1_HUMAN;;352938
P05019;IGF1_HUMAN;;409301
P05019;IGF1_HUMAN;;433294
P05019;IGF1_HUMAN;;439260
P05019;IGF1_HUMAN;;441074
P05019;IGF1_HUMAN;;441140
P05019;IGF1_HUMAN;;441325
P05019;IGF1_HUMAN;;442428
P05019;IGF1_HUMAN;;442530
P05019;IGF1_HUMAN;;443495
P05019;IGF1_HUMAN;;444266
P05019;IGF1_HUMAN;;444732
P05019;IGF1_HUMAN;;444795
P05019;IGF1_HUMAN;;445154
P05019;IGF1_HUMAN;;445434
P05019;IGF1_HUMAN;;445643
P05019;IGF1_HUMAN;;446320
P05019;IGF1_HUMAN;;446512
P05019;IGF1_HUMAN;;446925
P05019;IGF1_HUMAN;;448537
P05019;IGF1_HUMAN;;448601
P05019;IGF1_HUMAN;;449171
P05019;IGF1_HUMAN;;449459
P05019;IGF1_HUMAN;;457193
P05019;IGF1_HUMAN;;480764
P05019;IGF1_HUMAN;;480774
P05019;IGF1_HUMAN;;493570
P05019;IGF1_HUMAN;;542762
P05019;IGF1_HUMAN;;608116
P05019;IGF1_HUMAN;;637568
P05019;IGF1_HUMAN;;656583
P05019;IGF1_HUMAN;;657180
P05019;IGF1_HUMAN;;657298
P05019;IGF1_HUMAN;;688802
P05019;IGF1_HUMAN;;969491
P05019;IGF1_HUMAN;;969516
P05019;IGF1_HUMAN;;1117196
P05019;IGF1_HUMAN;;1349907
P05019;IGF1_HUMAN;;1548943
P05019;IGF1_HUMAN;;1548972
P05019;IGF1_HUMAN;;2723949
P05019;IGF1_HUMAN;;2724354
P05019;IGF1_HUMAN;;2733404
P05019;IGF1_HUMAN;;2733484
P05019;IGF1_HUMAN;;2733487
P05019;IGF1_HUMAN;;2999413
P05019;IGF1_HUMAN;;3006531
P05019;IGF1_HUMAN;;3032536
P05019;IGF1_HUMAN;;3032581
P05019;IGF1_HUMAN;;3083544
P05019;IGF1_HUMAN;;4668801
P05019;IGF1_HUMAN;;5245480
P05019;IGF1_HUMAN;;5278396
P05019;IGF1_HUMAN;;5280343
P05019;IGF1_HUMAN;;5280373
P05019;IGF1_HUMAN;;5280453
P05019;IGF1_HUMAN;;5280805
P05019;IGF1_HUMAN;;5280805
P05019;IGF1_HUMAN;;5280961
P05019;IGF1_HUMAN;;5281576
P05019;IGF1_HUMAN;;5281605
P05019;IGF1_HUMAN;;5281607
P05019;IGF1_HUMAN;;5281707
P05019;IGF1_HUMAN;;5281807
P05019;IGF1_HUMAN;;5281969
P05019;IGF1_HUMAN;;5282379
P05019;IGF1_HUMAN;;5283344
P05019;IGF1_HUMAN;;5283560
P05019;IGF1_HUMAN;;5283731
P05019;IGF1_HUMAN;;5284373
P05019;IGF1_HUMAN;;5284627
P05019;IGF1_HUMAN;;5288209
P05019;IGF1_HUMAN;;5311333
P05019;IGF1_HUMAN;;5318997
P05019;IGF1_HUMAN;;5323714
P05019;IGF1_HUMAN;;5328779
P05019;IGF1_HUMAN;;5352425
P05019;IGF1_HUMAN;;5355130
P05019;IGF1_HUMAN;;5357402
P05019;IGF1_HUMAN;;5358116
P05019;IGF1_HUMAN;;5359268
P05019;IGF1_HUMAN;;5359596
P05019;IGF1_HUMAN;;5359596
P05019;IGF1_HUMAN;;5359597
P05019;IGF1_HUMAN;;5360373
P05019;IGF1_HUMAN;;5360545
P05019;IGF1_HUMAN;;5388962
P05019;IGF1_HUMAN;;5388993
P05019;IGF1_HUMAN;;5460341
P05019;IGF1_HUMAN;;5462222
P05019;IGF1_HUMAN;;5462310
P05019;IGF1_HUMAN;;5470187
P05019;IGF1_HUMAN;;5491959
P05019;IGF1_HUMAN;;5748352
P05019;IGF1_HUMAN;;6437063
P05019;IGF1_HUMAN;;6437371
P05019;IGF1_HUMAN;;6451150
P05019;IGF1_HUMAN;;6509863
P05019;IGF1_HUMAN;;6912226
P05019;IGF1_HUMAN;;6914273
P05019;IGF1_HUMAN;;6918055
P05019;IGF1_HUMAN;;6918386
P05019;IGF1_HUMAN;;6918638
P05019;IGF1_HUMAN;;7433743
P05019;IGF1_HUMAN;;9549209
P05019;IGF1_HUMAN;;9823887
P05019;IGF1_HUMAN;;9825149
P05019;IGF1_HUMAN;;9848818
P05019;IGF1_HUMAN;;9887054
P05019;IGF1_HUMAN;;9898279
P05019;IGF1_HUMAN;;9904141
P05019;IGF1_HUMAN;;9937619
P05019;IGF1_HUMAN;;9989226
P05019;IGF1_HUMAN;;10313045
P05019;IGF1_HUMAN;;11318905
P05019;IGF1_HUMAN;;11476171
P05019;IGF1_HUMAN;;13962857
P05019;IGF1_HUMAN;;14771682
P05019;IGF1_HUMAN;;15951529
P05019;IGF1_HUMAN;;16211032
P05019;IGF1_HUMAN;;16218924
P05019;IGF1_HUMAN;;16684434
P05019;IGF1_HUMAN;;16760658
P05019;IGF1_HUMAN;;17755052
P05019;IGF1_HUMAN;;20057167
P05019;IGF1_HUMAN;;21599928
P05019;IGF1_HUMAN;;21944094
P05019;IGF1_HUMAN;;22788210
P05019;IGF1_HUMAN;;22882070
P05019;IGF1_HUMAN;;23672308
P05019;IGF1_HUMAN;;23676225
P05019;IGF1_HUMAN;;24778708
P05019;IGF1_HUMAN;;24808138
P05019;IGF1_HUMAN;;24964624
P05019;IGF1_HUMAN;;25074887
P05019;IGF1_HUMAN;;46907787
P05019;IGF1_HUMAN;;54670067
P05019;IGF1_HUMAN;;54676038
P05019;IGF1_HUMAN;;54679073
P05019;IGF1_HUMAN;;54690031
P05019;IGF1_HUMAN;;56842239
P05019;IGF1_HUMAN;;56973721
P05019;IGF1_HUMAN;;86278274
P05019;IGF1_HUMAN;;86278622
P05019;IGF1_HUMAN;;88776687
P05019;IGF1_HUMAN;;90488743
P05019;IGF1_HUMAN;;129010138
P05019;IGF1_HUMAN;;131634194
P05019;IGF1_HUMAN;;135398511
P05019;IGF1_HUMAN;;135398658
P05019;IGF1_HUMAN;;135398661
P05019;IGF1_HUMAN;;135398737
P05019;IGF1_HUMAN;;135423792
P05019;IGF1_HUMAN;;135484659
P05019;IGF1_HUMAN;;137229713
P05019;IGF1_HUMAN;;149435321
P05019;IGF1_HUMAN;;168010143
Q9UEF7;KLOT_HUMAN;;227
Q9UEF7;KLOT_HUMAN;;460
Q9UEF7;KLOT_HUMAN;;464
Q9UEF7;KLOT_HUMAN;;527
Q9UEF7;KLOT_HUMAN;;544
Q9UEF7;KLOT_HUMAN;;558
Q9UEF7;KLOT_HUMAN;;674
Q9UEF7;KLOT_HUMAN;;702
Q9UEF7;KLOT_HUMAN;;763
Q9UEF7;KLOT_HUMAN;;778
Q9UEF7;KLOT_HUMAN;;790
Q9UEF7;KLOT_HUMAN;;802
Q9UEF7;KLOT_HUMAN;;807
Q9UEF7;KLOT_HUMAN;;896
Q9UEF7;KLOT_HUMAN;;936
Q9UEF7;KLOT_HUMAN;;943
Q9UEF7;KLOT_HUMAN;;977
Q9UEF7;KLOT_HUMAN;;999
Q9UEF7;KLOT_HUMAN;;1045
Q9UEF7;KLOT_HUMAN;;1061
Q9UEF7;KLOT_HUMAN;;1102
Q9UEF7;KLOT_HUMAN;;1103
Q9UEF7;KLOT_HUMAN;;1145
Q9UEF7;KLOT_HUMAN;;1146
Q9UEF7;KLOT_HUMAN;;2336
Q9UEF7;KLOT_HUMAN;;3121
Q9UEF7;KLOT_HUMAN;;3496
Q9UEF7;KLOT_HUMAN;;3520
Q9UEF7;KLOT_HUMAN;;3758
Q9UEF7;KLOT_HUMAN;;3845
Q9UEF7;KLOT_HUMAN;;4455
Q9UEF7;KLOT_HUMAN;;4763
Q9UEF7;KLOT_HUMAN;;4871
Q9UEF7;KLOT_HUMAN;;5591
Q9UEF7;KLOT_HUMAN;;5743
Q9UEF7;KLOT_HUMAN;;5819
Q9UEF7;KLOT_HUMAN;;5862
Q9UEF7;KLOT_HUMAN;;5881
Q9UEF7;KLOT_HUMAN;;5991
Q9UEF7;KLOT_HUMAN;;6184
Q9UEF7;KLOT_HUMAN;;6329
Q9UEF7;KLOT_HUMAN;;6341
Q9UEF7;KLOT_HUMAN;;6366
Q9UEF7;KLOT_HUMAN;;6410
Q9UEF7;KLOT_HUMAN;;6579
Q9UEF7;KLOT_HUMAN;;6623
Q9UEF7;KLOT_HUMAN;;6675
Q9UEF7;KLOT_HUMAN;;6777
Q9UEF7;KLOT_HUMAN;;6795
Q9UEF7;KLOT_HUMAN;;8130
Q9UEF7;KLOT_HUMAN;;8175
Q9UEF7;KLOT_HUMAN;;8554
Q9UEF7;KLOT_HUMAN;;9317
Q9UEF7;KLOT_HUMAN;;9723
Q9UEF7;KLOT_HUMAN;;10111
Q9UEF7;KLOT_HUMAN;;10258
Q9UEF7;KLOT_HUMAN;;10258
Q9UEF7;KLOT_HUMAN;;10461
Q9UEF7;KLOT_HUMAN;;10635
Q9UEF7;KLOT_HUMAN;;10964
Q9UEF7;KLOT_HUMAN;;11045
Q9UEF7;KLOT_HUMAN;;11164
Q9UEF7;KLOT_HUMAN;;12035
Q9UEF7;KLOT_HUMAN;;12111
Q9UEF7;KLOT_HUMAN;;14806
Q9UEF7;KLOT_HUMAN;;14969
Q9UEF7;KLOT_HUMAN;;15625
Q9UEF7;KLOT_HUMAN;;15625
Q9UEF7;KLOT_HUMAN;;15939
Q9UEF7;KLOT_HUMAN;;16078
Q9UEF7;KLOT_HUMAN;;20392
Q9UEF7;KLOT_HUMAN;;20393
Q9UEF7;KLOT_HUMAN;;21109
Q9UEF7;KLOT_HUMAN;;23973
Q9UEF7;KLOT_HUMAN;;23994
Q9UEF7;KLOT_HUMAN;;24502
Q9UEF7;KLOT_HUMAN;;24947
Q9UEF7;KLOT_HUMAN;;25517
Q9UEF7;KLOT_HUMAN;;26042
Q9UEF7;KLOT_HUMAN;;29327
Q9UEF7;KLOT_HUMAN;;31289
Q9UEF7;KLOT_HUMAN;;31703
Q9UEF7;KLOT_HUMAN;;36314
Q9UEF7;KLOT_HUMAN;;38078
Q9UEF7;KLOT_HUMAN;;38347
Q9UEF7;KLOT_HUMAN;;55891
Q9UEF7;KLOT_HUMAN;;60846
Q9UEF7;KLOT_HUMAN;;63090
Q9UEF7;KLOT_HUMAN;;65064
Q9UEF7;KLOT_HUMAN;;65351
Q9UEF7;KLOT_HUMAN;;65411
Q9UEF7;KLOT_HUMAN;;69698
Q9UEF7;KLOT_HUMAN;;73318
Q9UEF7;KLOT_HUMAN;;76716
Q9UEF7;KLOT_HUMAN;;77999
Q9UEF7;KLOT_HUMAN;;95168
Q9UEF7;KLOT_HUMAN;;108192
Q9UEF7;KLOT_HUMAN;;114833
Q9UEF7;KLOT_HUMAN;;115255
Q9UEF7;KLOT_HUMAN;;119593
Q9UEF7;KLOT_HUMAN;;123796
Q9UEF7;KLOT_HUMAN;;123798
Q9UEF7;KLOT_HUMAN;;123831
Q9UEF7;KLOT_HUMAN;;123979
Q9UEF7;KLOT_HUMAN;;145068
Q9UEF7;KLOT_HUMAN;;160437
Q9UEF7;KLOT_HUMAN;;169148
Q9UEF7;KLOT_HUMAN;;439260
Q9UEF7;KLOT_HUMAN;;439918
Q9UEF7;KLOT_HUMAN;;440713
Q9UEF7;KLOT_HUMAN;;440810
Q9UEF7;KLOT_HUMAN;;441564
Q9UEF7;KLOT_HUMAN;;443103
Q9UEF7;KLOT_HUMAN;;443495
Q9UEF7;KLOT_HUMAN;;445154
Q9UEF7;KLOT_HUMAN;;446220
Q9UEF7;KLOT_HUMAN;;516902
Q9UEF7;KLOT_HUMAN;;605266
Q9UEF7;KLOT_HUMAN;;638034
Q9UEF7;KLOT_HUMAN;;657298
Q9UEF7;KLOT_HUMAN;;2723949
Q9UEF7;KLOT_HUMAN;;2733785
Q9UEF7;KLOT_HUMAN;;3976006
Q9UEF7;KLOT_HUMAN;;4615423
Q9UEF7;KLOT_HUMAN;;4615423
Q9UEF7;KLOT_HUMAN;;5280352
Q9UEF7;KLOT_HUMAN;;5280453
Q9UEF7;KLOT_HUMAN;;5280795
Q9UEF7;KLOT_HUMAN;;5280795
Q9UEF7;KLOT_HUMAN;;5280961
Q9UEF7;KLOT_HUMAN;;5281168
Q9UEF7;KLOT_HUMAN;;5281807
Q9UEF7;KLOT_HUMAN;;5281877
Q9UEF7;KLOT_HUMAN;;5283314
Q9UEF7;KLOT_HUMAN;;5283316
Q9UEF7;KLOT_HUMAN;;5283334
Q9UEF7;KLOT_HUMAN;;5283344
Q9UEF7;KLOT_HUMAN;;5284373
Q9UEF7;KLOT_HUMAN;;5318997
Q9UEF7;KLOT_HUMAN;;5319022
Q9UEF7;KLOT_HUMAN;;5354833
Q9UEF7;KLOT_HUMAN;;5360373
Q9UEF7;KLOT_HUMAN;;5362620
Q9UEF7;KLOT_HUMAN;;5388781
Q9UEF7;KLOT_HUMAN;;5460341
Q9UEF7;KLOT_HUMAN;;5462309
Q9UEF7;KLOT_HUMAN;;5491959
Q9UEF7;KLOT_HUMAN;;6326970
Q9UEF7;KLOT_HUMAN;;6427080
Q9UEF7;KLOT_HUMAN;;6433207
Q9UEF7;KLOT_HUMAN;;6439929
Q9UEF7;KLOT_HUMAN;;6439956
Q9UEF7;KLOT_HUMAN;;9549209
Q9UEF7;KLOT_HUMAN;;9549284
Q9UEF7;KLOT_HUMAN;;9823887
Q9UEF7;KLOT_HUMAN;;12359166
Q9UEF7;KLOT_HUMAN;;135398658
Q9UEF7;KLOT_HUMAN;;162506461
Q96EB6;SIR1_HUMAN;;176
Q96EB6;SIR1_HUMAN;;187
Q96EB6;SIR1_HUMAN;;297
Q96EB6;SIR1_HUMAN;;338
Q96EB6;SIR1_HUMAN;;370
Q96EB6;SIR1_HUMAN;;441
Q96EB6;SIR1_HUMAN;;544
Q96EB6;SIR1_HUMAN;;673
Q96EB6;SIR1_HUMAN;;702
Q96EB6;SIR1_HUMAN;;712
Q96EB6;SIR1_HUMAN;;760
Q96EB6;SIR1_HUMAN;;783
Q96EB6;SIR1_HUMAN;;784
Q96EB6;SIR1_HUMAN;;785
Q96EB6;SIR1_HUMAN;;864
Q96EB6;SIR1_HUMAN;;880
Q96EB6;SIR1_HUMAN;;892
Q96EB6;SIR1_HUMAN;;896
Q96EB6;SIR1_HUMAN;;936
Q96EB6;SIR1_HUMAN;;946
Q96EB6;SIR1_HUMAN;;970
Q96EB6;SIR1_HUMAN;;971
Q96EB6;SIR1_HUMAN;;977
Q96EB6;SIR1_HUMAN;;980
Q96EB6;SIR1_HUMAN;;985
Q96EB6;SIR1_HUMAN;;985
Q96EB6;SIR1_HUMAN;;992
Q96EB6;SIR1_HUMAN;;996
Q96EB6;SIR1_HUMAN;;1032
Q96EB6;SIR1_HUMAN;;1060
Q96EB6;SIR1_HUMAN;;1123
Q96EB6;SIR1_HUMAN;;1322
Q96EB6;SIR1_HUMAN;;1340
Q96EB6;SIR1_HUMAN;;1615
Q96EB6;SIR1_HUMAN;;1678
Q96EB6;SIR1_HUMAN;;1752
Q96EB6;SIR1_HUMAN;;1917
Q96EB6;SIR1_HUMAN;;1983
Q96EB6;SIR1_HUMAN;;2072
Q96EB6;SIR1_HUMAN;;2146
Q96EB6;SIR1_HUMAN;;2214
Q96EB6;SIR1_HUMAN;;2236
Q96EB6;SIR1_HUMAN;;2244
Q96EB6;SIR1_HUMAN;;2256
Q96EB6;SIR1_HUMAN;;2331
Q96EB6;SIR1_HUMAN;;2336
Q96EB6;SIR1_HUMAN;;2337
Q96EB6;SIR1_HUMAN;;2347
Q96EB6;SIR1_HUMAN;;2353
Q96EB6;SIR1_HUMAN;;2399
Q96EB6;SIR1_HUMAN;;2519
Q96EB6;SIR1_HUMAN;;2730
Q96EB6;SIR1_HUMAN;;2754
Q96EB6;SIR1_HUMAN;;2765
Q96EB6;SIR1_HUMAN;;2796
Q96EB6;SIR1_HUMAN;;2912
Q96EB6;SIR1_HUMAN;;2913
Q96EB6;SIR1_HUMAN;;2973
Q96EB6;SIR1_HUMAN;;3017
Q96EB6;SIR1_HUMAN;;3026
Q96EB6;SIR1_HUMAN;;3117
Q96EB6;SIR1_HUMAN;;3121
Q96EB6;SIR1_HUMAN;;3334
Q96EB6;SIR1_HUMAN;;3339
Q96EB6;SIR1_HUMAN;;3347
Q96EB6;SIR1_HUMAN;;3496
Q96EB6;SIR1_HUMAN;;3501
Q96EB6;SIR1_HUMAN;;3715
Q96EB6;SIR1_HUMAN;;3758
Q96EB6;SIR1_HUMAN;;3767
Q96EB6;SIR1_HUMAN;;3885
Q96EB6;SIR1_HUMAN;;3885
Q96EB6;SIR1_HUMAN;;3973
Q96EB6;SIR1_HUMAN;;4055
Q96EB6;SIR1_HUMAN;;4075
Q96EB6;SIR1_HUMAN;;4156
Q96EB6;SIR1_HUMAN;;4495
Q96EB6;SIR1_HUMAN;;4624
Q96EB6;SIR1_HUMAN;;4763
Q96EB6;SIR1_HUMAN;;4858
Q96EB6;SIR1_HUMAN;;4946
Q96EB6;SIR1_HUMAN;;5083
Q96EB6;SIR1_HUMAN;;5169
Q96EB6;SIR1_HUMAN;;5234
Q96EB6;SIR1_HUMAN;;5235
Q96EB6;SIR1_HUMAN;;5258
Q96EB6;SIR1_HUMAN;;5269
Q96EB6;SIR1_HUMAN;;5350
Q96EB6;SIR1_HUMAN;;5361
Q96EB6;SIR1_HUMAN;;5394
Q96EB6;SIR1_HUMAN;;5455
Q96EB6;SIR1_HUMAN;;5564
Q96EB6;SIR1_HUMAN;;5641
Q96EB6;SIR1_HUMAN;;5743
Q96EB6;SIR1_HUMAN;;5754
Q96EB6;SIR1_HUMAN;;5757
Q96EB6;SIR1_HUMAN;;5793
Q96EB6;SIR1_HUMAN;;5819
Q96EB6;SIR1_HUMAN;;5881
Q96EB6;SIR1_HUMAN;;5892
Q96EB6;SIR1_HUMAN;;5897
Q96EB6;SIR1_HUMAN;;5909
Q96EB6;SIR1_HUMAN;;5920
Q96EB6;SIR1_HUMAN;;5921
Q96EB6;SIR1_HUMAN;;5943
Q96EB6;SIR1_HUMAN;;5957
Q96EB6;SIR1_HUMAN;;5988
Q96EB6;SIR1_HUMAN;;5991
Q96EB6;SIR1_HUMAN;;5997
Q96EB6;SIR1_HUMAN;;6013
Q96EB6;SIR1_HUMAN;;6036
Q96EB6;SIR1_HUMAN;;6197
Q96EB6;SIR1_HUMAN;;6279
Q96EB6;SIR1_HUMAN;;6303
Q96EB6;SIR1_HUMAN;;6386
Q96EB6;SIR1_HUMAN;;6410
Q96EB6;SIR1_HUMAN;;6468
Q96EB6;SIR1_HUMAN;;6623
Q96EB6;SIR1_HUMAN;;6626
Q96EB6;SIR1_HUMAN;;6741
Q96EB6;SIR1_HUMAN;;6758
Q96EB6;SIR1_HUMAN;;6777
Q96EB6;SIR1_HUMAN;;6786
Q96EB6;SIR1_HUMAN;;7237
Q96EB6;SIR1_HUMAN;;7845
Q96EB6;SIR1_HUMAN;;8028
Q96EB6;SIR1_HUMAN;;8133
Q96EB6;SIR1_HUMAN;;8249
Q96EB6;SIR1_HUMAN;;8295
Q96EB6;SIR1_HUMAN;;8343
Q96EB6;SIR1_HUMAN;;8344
Q96EB6;SIR1_HUMAN;;8346
Q96EB6;SIR1_HUMAN;;8461
Q96EB6;SIR1_HUMAN;;8515
Q96EB6;SIR1_HUMAN;;8554
Q96EB6;SIR1_HUMAN;;8561
Q96EB6;SIR1_HUMAN;;8722
Q96EB6;SIR1_HUMAN;;9317
Q96EB6;SIR1_HUMAN;;9554
Q96EB6;SIR1_HUMAN;;9723
Q96EB6;SIR1_HUMAN;;9903
Q96EB6;SIR1_HUMAN;;10255
Q96EB6;SIR1_HUMAN;;10281
Q96EB6;SIR1_HUMAN;;10404
Q96EB6;SIR1_HUMAN;;10494
Q96EB6;SIR1_HUMAN;;10621
Q96EB6;SIR1_HUMAN;;10783
Q96EB6;SIR1_HUMAN;;10836
Q96EB6;SIR1_HUMAN;;10917
Q96EB6;SIR1_HUMAN;;10964
Q96EB6;SIR1_HUMAN;;10986
Q96EB6;SIR1_HUMAN;;11045
Q96EB6;SIR1_HUMAN;;11080
Q96EB6;SIR1_HUMAN;;11442
Q96EB6;SIR1_HUMAN;;12035
Q96EB6;SIR1_HUMAN;;12111
Q96EB6;SIR1_HUMAN;;12284
Q96EB6;SIR1_HUMAN;;12594
Q96EB6;SIR1_HUMAN;;12733
Q96EB6;SIR1_HUMAN;;12967
Q96EB6;SIR1_HUMAN;;13101
Q96EB6;SIR1_HUMAN;;13700
Q96EB6;SIR1_HUMAN;;13804
Q96EB6;SIR1_HUMAN;;14180
Q96EB6;SIR1_HUMAN;;14219
Q96EB6;SIR1_HUMAN;;14410
Q96EB6;SIR1_HUMAN;;14457
Q96EB6;SIR1_HUMAN;;14806
Q96EB6;SIR1_HUMAN;;14982
Q96EB6;SIR1_HUMAN;;15032
Q96EB6;SIR1_HUMAN;;15074
Q96EB6;SIR1_HUMAN;;15096
Q96EB6;SIR1_HUMAN;;15625
Q96EB6;SIR1_HUMAN;;15939
Q96EB6;SIR1_HUMAN;;16078
Q96EB6;SIR1_HUMAN;;16315
Q96EB6;SIR1_HUMAN;;16942
Q96EB6;SIR1_HUMAN;;17513
Q96EB6;SIR1_HUMAN;;19910
Q96EB6;SIR1_HUMAN;;20392
Q96EB6;SIR1_HUMAN;;20393
Q96EB6;SIR1_HUMAN;;22880
Q96EB6;SIR1_HUMAN;;23930
Q96EB6;SIR1_HUMAN;;23932
Q96EB6;SIR1_HUMAN;;23954
Q96EB6;SIR1_HUMAN;;23973
Q96EB6;SIR1_HUMAN;;23978
Q96EB6;SIR1_HUMAN;;23994
Q96EB6;SIR1_HUMAN;;24012
Q96EB6;SIR1_HUMAN;;24261
Q96EB6;SIR1_HUMAN;;24360
Q96EB6;SIR1_HUMAN;;24385
Q96EB6;SIR1_HUMAN;;24462
Q96EB6;SIR1_HUMAN;;24480
Q96EB6;SIR1_HUMAN;;24502
Q96EB6;SIR1_HUMAN;;24814
Q96EB6;SIR1_HUMAN;;24947
Q96EB6;SIR1_HUMAN;;27287
Q96EB6;SIR1_HUMAN;;27924
Q96EB6;SIR1_HUMAN;;29131
Q96EB6;SIR1_HUMAN;;29327
Q96EB6;SIR1_HUMAN;;30692
Q96EB6;SIR1_HUMAN;;31200
Q96EB6;SIR1_HUMAN;;31254
Q96EB6;SIR1_HUMAN;;31553
Q96EB6;SIR1_HUMAN;;31703
Q96EB6;SIR1_HUMAN;;32014
Q96EB6;SIR1_HUMAN;;36314
Q96EB6;SIR1_HUMAN;;37034
Q96EB6;SIR1_HUMAN;;37517
Q96EB6;SIR1_HUMAN;;38012
Q96EB6;SIR1_HUMAN;;39042
Q96EB6;SIR1_HUMAN;;39484
Q96EB6;SIR1_HUMAN;;40024
Q96EB6;SIR1_HUMAN;;40127
Q96EB6;SIR1_HUMAN;;40585
Q96EB6;SIR1_HUMAN;;41322
Q96EB6;SIR1_HUMAN;;44259
Q96EB6;SIR1_HUMAN;;47576
Q96EB6;SIR1_HUMAN;;47936
Q96EB6;SIR1_HUMAN;;55245
Q96EB6;SIR1_HUMAN;;60823
Q96EB6;SIR1_HUMAN;;63090
Q96EB6;SIR1_HUMAN;;65064
Q96EB6;SIR1_HUMAN;;65126
Q96EB6;SIR1_HUMAN;;65411
Q96EB6;SIR1_HUMAN;;66065
Q96EB6;SIR1_HUMAN;;67296
Q96EB6;SIR1_HUMAN;;67545
Q96EB6;SIR1_HUMAN;;67822
Q96EB6;SIR1_HUMAN;;69785
Q96EB6;SIR1_HUMAN;;72277
Q96EB6;SIR1_HUMAN;;72300
Q96EB6;SIR1_HUMAN;;73548
Q96EB6;SIR1_HUMAN;;73864
Q96EB6;SIR1_HUMAN;;74483
Q96EB6;SIR1_HUMAN;;77999
Q96EB6;SIR1_HUMAN;;82148
Q96EB6;SIR1_HUMAN;;89594
Q96EB6;SIR1_HUMAN;;91520
Q96EB6;SIR1_HUMAN;;104730
Q96EB6;SIR1_HUMAN;;104741
Q96EB6;SIR1_HUMAN;;105075
Q96EB6;SIR1_HUMAN;;107526
Q96EB6;SIR1_HUMAN;;107807
Q96EB6;SIR1_HUMAN;;107905
Q96EB6;SIR1_HUMAN;;107985
Q96EB6;SIR1_HUMAN;;108007
Q96EB6;SIR1_HUMAN;;122162
Q96EB6;SIR1_HUMAN;;124886
Q96EB6;SIR1_HUMAN;;126402
Q96EB6;SIR1_HUMAN;;126941
Q96EB6;SIR1_HUMAN;;134601
Q96EB6;SIR1_HUMAN;;145068
Q96EB6;SIR1_HUMAN;;159278
Q96EB6;SIR1_HUMAN;;159832
Q96EB6;SIR1_HUMAN;;160511
Q96EB6;SIR1_HUMAN;;163659
Q96EB6;SIR1_HUMAN;;171249
Q96EB6;SIR1_HUMAN;;176155
Q96EB6;SIR1_HUMAN;;177014
Q96EB6;SIR1_HUMAN;;180081
Q96EB6;SIR1_HUMAN;;186907
Q96EB6;SIR1_HUMAN;;198016
Q96EB6;SIR1_HUMAN;;199402
Q96EB6;SIR1_HUMAN;;312145
Q96EB6;SIR1_HUMAN;;387447
Q96EB6;SIR1_HUMAN;;399457
Q96EB6;SIR1_HUMAN;;409301
Q96EB6;SIR1_HUMAN;;439246
Q96EB6;SIR1_HUMAN;;439533
Q96EB6;SIR1_HUMAN;;439924
Q96EB6;SIR1_HUMAN;;441923
Q96EB6;SIR1_HUMAN;;442089
Q96EB6;SIR1_HUMAN;;442424
Q96EB6;SIR1_HUMAN;;442428
Q96EB6;SIR1_HUMAN;;442530
Q96EB6;SIR1_HUMAN;;443495
Q96EB6;SIR1_HUMAN;;443955
Q96EB6;SIR1_HUMAN;;444679
Q96EB6;SIR1_HUMAN;;444732
Q96EB6;SIR1_HUMAN;;445154
Q96EB6;SIR1_HUMAN;;445639
Q96EB6;SIR1_HUMAN;;446378
Q96EB6;SIR1_HUMAN;;446925
Q96EB6;SIR1_HUMAN;;448537
Q96EB6;SIR1_HUMAN;;448601
Q96EB6;SIR1_HUMAN;;449241
Q96EB6;SIR1_HUMAN;;452967
Q96EB6;SIR1_HUMAN;;454202
Q96EB6;SIR1_HUMAN;;457193
Q96EB6;SIR1_HUMAN;;462382
Q96EB6;SIR1_HUMAN;;503737
Q96EB6;SIR1_HUMAN;;590836
Q96EB6;SIR1_HUMAN;;637566
Q96EB6;SIR1_HUMAN;;638278
Q96EB6;SIR1_HUMAN;;638877
Q96EB6;SIR1_HUMAN;;657298
Q96EB6;SIR1_HUMAN;;667639
Q96EB6;SIR1_HUMAN;;717531
Q96EB6;SIR1_HUMAN;;969516
Q96EB6;SIR1_HUMAN;;1013376
Q96EB6;SIR1_HUMAN;;1376645
Q96EB6;SIR1_HUMAN;;1376646
Q96EB6;SIR1_HUMAN;;1403654
Q96EB6;SIR1_HUMAN;;1548887
Q96EB6;SIR1_HUMAN;;1548943
Q96EB6;SIR1_HUMAN;;1882365
Q96EB6;SIR1_HUMAN;;1882365
Q96EB6;SIR1_HUMAN;;2723872
Q96EB6;SIR1_HUMAN;;2723949
Q96EB6;SIR1_HUMAN;;2827646
Q96EB6;SIR1_HUMAN;;3006531
Q96EB6;SIR1_HUMAN;;3032536
Q96EB6;SIR1_HUMAN;;3032581
Q96EB6;SIR1_HUMAN;;3034368
Q96EB6;SIR1_HUMAN;;3034747
Q96EB6;SIR1_HUMAN;;3086007
Q96EB6;SIR1_HUMAN;;3086599
Q96EB6;SIR1_HUMAN;;3153421
Q96EB6;SIR1_HUMAN;;3154530
Q96EB6;SIR1_HUMAN;;3246390
Q96EB6;SIR1_HUMAN;;4262314
Q96EB6;SIR1_HUMAN;;4521392
Q96EB6;SIR1_HUMAN;;5113032
Q96EB6;SIR1_HUMAN;;5113032
Q96EB6;SIR1_HUMAN;;5113032
Q96EB6;SIR1_HUMAN;;5273284
Q96EB6;SIR1_HUMAN;;5280343
Q96EB6;SIR1_HUMAN;;5280360
Q96EB6;SIR1_HUMAN;;5280363
Q96EB6;SIR1_HUMAN;;5280378
Q96EB6;SIR1_HUMAN;;5280448
Q96EB6;SIR1_HUMAN;;5280805
Q96EB6;SIR1_HUMAN;;5280961
Q96EB6;SIR1_HUMAN;;5281222
Q96EB6;SIR1_HUMAN;;5281232
Q96EB6;SIR1_HUMAN;;5281426
Q96EB6;SIR1_HUMAN;;5281576
Q96EB6;SIR1_HUMAN;;5281605
Q96EB6;SIR1_HUMAN;;5281607
Q96EB6;SIR1_HUMAN;;5281614
Q96EB6;SIR1_HUMAN;;5281643
Q96EB6;SIR1_HUMAN;;5281672
Q96EB6;SIR1_HUMAN;;5281707
Q96EB6;SIR1_HUMAN;;5281717
Q96EB6;SIR1_HUMAN;;5281718
Q96EB6;SIR1_HUMAN;;5281727
Q96EB6;SIR1_HUMAN;;5281793
Q96EB6;SIR1_HUMAN;;5281807
Q96EB6;SIR1_HUMAN;;5281873
Q96EB6;SIR1_HUMAN;;5283344
Q96EB6;SIR1_HUMAN;;5284373
Q96EB6;SIR1_HUMAN;;5284484
Q96EB6;SIR1_HUMAN;;5311035
Q96EB6;SIR1_HUMAN;;5318997
Q96EB6;SIR1_HUMAN;;5319925
Q96EB6;SIR1_HUMAN;;5329102
Q96EB6;SIR1_HUMAN;;5352425
Q96EB6;SIR1_HUMAN;;5353431
Q96EB6;SIR1_HUMAN;;5357402
Q96EB6;SIR1_HUMAN;;5359596
Q96EB6;SIR1_HUMAN;;5359597
Q96EB6;SIR1_HUMAN;;5360373
Q96EB6;SIR1_HUMAN;;5362129
Q96EB6;SIR1_HUMAN;;5388993
Q96EB6;SIR1_HUMAN;;5460048
Q96EB6;SIR1_HUMAN;;5462222
Q96EB6;SIR1_HUMAN;;5490884
Q96EB6;SIR1_HUMAN;;5494506
Q96EB6;SIR1_HUMAN;;6326970
Q96EB6;SIR1_HUMAN;;6400741
Q96EB6;SIR1_HUMAN;;6436223
Q96EB6;SIR1_HUMAN;;6436393
Q96EB6;SIR1_HUMAN;;6438135
Q96EB6;SIR1_HUMAN;;6443207
Q96EB6;SIR1_HUMAN;;6451084
Q96EB6;SIR1_HUMAN;;6912226
Q96EB6;SIR1_HUMAN;;6914657
Q96EB6;SIR1_HUMAN;;6918456
Q96EB6;SIR1_HUMAN;;6918840
Q96EB6;SIR1_HUMAN;;9549209
Q96EB6;SIR1_HUMAN;;9793848
Q96EB6;SIR1_HUMAN;;9803963
Q96EB6;SIR1_HUMAN;;9861219
Q96EB6;SIR1_HUMAN;;9887712
Q96EB6;SIR1_HUMAN;;9893571
Q96EB6;SIR1_HUMAN;;9918693
Q96EB6;SIR1_HUMAN;;10070746
Q96EB6;SIR1_HUMAN;;10096344
Q96EB6;SIR1_HUMAN;;10111831
Q96EB6;SIR1_HUMAN;;10313045
Q96EB6;SIR1_HUMAN;;10331844
Q96EB6;SIR1_HUMAN;;11213350
Q96EB6;SIR1_HUMAN;;11468733
Q96EB6;SIR1_HUMAN;;11499198
Q96EB6;SIR1_HUMAN;;11524144
Q96EB6;SIR1_HUMAN;;11751549
Q96EB6;SIR1_HUMAN;;11815492
Q96EB6;SIR1_HUMAN;;11957499
Q96EB6;SIR1_HUMAN;;12359166
Q96EB6;SIR1_HUMAN;;12855920
Q96EB6;SIR1_HUMAN;;13753772
Q96EB6;SIR1_HUMAN;;14036811
Q96EB6;SIR1_HUMAN;;14101198
Q96EB6;SIR1_HUMAN;;15241817
Q96EB6;SIR1_HUMAN;;15558498
Q96EB6;SIR1_HUMAN;;16654980
Q96EB6;SIR1_HUMAN;;16682730
Q96EB6;SIR1_HUMAN;;16684434
Q96EB6;SIR1_HUMAN;;16759173
Q96EB6;SIR1_HUMAN;;16760346
Q96EB6;SIR1_HUMAN;;17755052
Q96EB6;SIR1_HUMAN;;18477728
Q96EB6;SIR1_HUMAN;;21944094
Q96EB6;SIR1_HUMAN;;23672308
Q96EB6;SIR1_HUMAN;;23725625
Q96EB6;SIR1_HUMAN;;23928102
Q96EB6;SIR1_HUMAN;;24180124
Q96EB6;SIR1_HUMAN;;24180125
Q96EB6;SIR1_HUMAN;;24180126
Q96EB6;SIR1_HUMAN;;24857286
Q96EB6;SIR1_HUMAN;;24978544
Q96EB6;SIR1_HUMAN;;25104564
Q96EB6;SIR1_HUMAN;;25108829
Q96EB6;SIR1_HUMAN;;25108829
Q96EB6;SIR1_HUMAN;;25108829
Q96EB6;SIR1_HUMAN;;25114442
Q96EB6;SIR1_HUMAN;;25195294
Q96EB6;SIR1_HUMAN;;25232708
Q96EB6;SIR1_HUMAN;;42617955
Q96EB6;SIR1_HUMAN;;42617956
Q96EB6;SIR1_HUMAN;;42617957
Q96EB6;SIR1_HUMAN;;42617958
Q96EB6;SIR1_HUMAN;;42617959
Q96EB6;SIR1_HUMAN;;42617960
Q96EB6;SIR1_HUMAN;;42617961
Q96EB6;SIR1_HUMAN;;42617962
Q96EB6;SIR1_HUMAN;;42617963
Q96EB6;SIR1_HUMAN;;42617964
Q96EB6;SIR1_HUMAN;;42617965
Q96EB6;SIR1_HUMAN;;42617966
Q96EB6;SIR1_HUMAN;;42617967
Q96EB6;SIR1_HUMAN;;42617968
Q96EB6;SIR1_HUMAN;;42617969
Q96EB6;SIR1_HUMAN;;42617970
Q96EB6;SIR1_HUMAN;;42617971
Q96EB6;SIR1_HUMAN;;42617972
Q96EB6;SIR1_HUMAN;;42617973
Q96EB6;SIR1_HUMAN;;42617974
Q96EB6;SIR1_HUMAN;;44144477
Q96EB6;SIR1_HUMAN;;44405122
Q96EB6;SIR1_HUMAN;;46209133
Q96EB6;SIR1_HUMAN;;46245047
Q96EB6;SIR1_HUMAN;;46907787
Q96EB6;SIR1_HUMAN;;49871498
Q96EB6;SIR1_HUMAN;;56649281
Q96EB6;SIR1_HUMAN;;60201873
Q96EB6;SIR1_HUMAN;;60201874
Q96EB6;SIR1_HUMAN;;60201875
Q96EB6;SIR1_HUMAN;;60201876
Q96EB6;SIR1_HUMAN;;71654771
Q96EB6;SIR1_HUMAN;;71662960
Q96EB6;SIR1_HUMAN;;76957227
Q96EB6;SIR1_HUMAN;;86278622
Q96EB6;SIR1_HUMAN;;86287518
Q96EB6;SIR1_HUMAN;;88776687
Q96EB6;SIR1_HUMAN;;126720627
Q96EB6;SIR1_HUMAN;;133082063
Q96EB6;SIR1_HUMAN;;135398658
Q96EB6;SIR1_HUMAN;;135461039
Q96EB6;SIR1_HUMAN;;135461039
Q96EB6;SIR1_HUMAN;;135484659
Q96EB6;SIR1_HUMAN;;135491748
Q96EB6;SIR1_HUMAN;;135491748
Q96EB6;SIR1_HUMAN;;135503520
Q96EB6;SIR1_HUMAN;;135659046
Q96EB6;SIR1_HUMAN;;135659046
Q96EB6;SIR1_HUMAN;;154926030
Q8IXJ6;SIR2_HUMAN;;297
Q8IXJ6;SIR2_HUMAN;;323
Q8IXJ6;SIR2_HUMAN;;700
Q8IXJ6;SIR2_HUMAN;;702
Q8IXJ6;SIR2_HUMAN;;712
Q8IXJ6;SIR2_HUMAN;;784
Q8IXJ6;SIR2_HUMAN;;936
Q8IXJ6;SIR2_HUMAN;;938
Q8IXJ6;SIR2_HUMAN;;1242
Q8IXJ6;SIR2_HUMAN;;1322
Q8IXJ6;SIR2_HUMAN;;1388
Q8IXJ6;SIR2_HUMAN;;1483
Q8IXJ6;SIR2_HUMAN;;1639
Q8IXJ6;SIR2_HUMAN;;1674
Q8IXJ6;SIR2_HUMAN;;2153
Q8IXJ6;SIR2_HUMAN;;2236
Q8IXJ6;SIR2_HUMAN;;2336
Q8IXJ6;SIR2_HUMAN;;2353
Q8IXJ6;SIR2_HUMAN;;2519
Q8IXJ6;SIR2_HUMAN;;3017
Q8IXJ6;SIR2_HUMAN;;3026
Q8IXJ6;SIR2_HUMAN;;3121
Q8IXJ6;SIR2_HUMAN;;3346
Q8IXJ6;SIR2_HUMAN;;3467
Q8IXJ6;SIR2_HUMAN;;3823
Q8IXJ6;SIR2_HUMAN;;4156
Q8IXJ6;SIR2_HUMAN;;4763
Q8IXJ6;SIR2_HUMAN;;4858
Q8IXJ6;SIR2_HUMAN;;5206
Q8IXJ6;SIR2_HUMAN;;5281
Q8IXJ6;SIR2_HUMAN;;5323
Q8IXJ6;SIR2_HUMAN;;5641
Q8IXJ6;SIR2_HUMAN;;5694
Q8IXJ6;SIR2_HUMAN;;5757
Q8IXJ6;SIR2_HUMAN;;5826
Q8IXJ6;SIR2_HUMAN;;5921
Q8IXJ6;SIR2_HUMAN;;5943
Q8IXJ6;SIR2_HUMAN;;6113
Q8IXJ6;SIR2_HUMAN;;6618
Q8IXJ6;SIR2_HUMAN;;6623
Q8IXJ6;SIR2_HUMAN;;6626
Q8IXJ6;SIR2_HUMAN;;6758
Q8IXJ6;SIR2_HUMAN;;7290
Q8IXJ6;SIR2_HUMAN;;7577
Q8IXJ6;SIR2_HUMAN;;8289
Q8IXJ6;SIR2_HUMAN;;8343
Q8IXJ6;SIR2_HUMAN;;8425
Q8IXJ6;SIR2_HUMAN;;10836
Q8IXJ6;SIR2_HUMAN;;12111
Q8IXJ6;SIR2_HUMAN;;13709
Q8IXJ6;SIR2_HUMAN;;14219
Q8IXJ6;SIR2_HUMAN;;14410
Q8IXJ6;SIR2_HUMAN;;14805
Q8IXJ6;SIR2_HUMAN;;15625
Q8IXJ6;SIR2_HUMAN;;18529
Q8IXJ6;SIR2_HUMAN;;20393
Q8IXJ6;SIR2_HUMAN;;23930
Q8IXJ6;SIR2_HUMAN;;24360
Q8IXJ6;SIR2_HUMAN;;24385
Q8IXJ6;SIR2_HUMAN;;24480
Q8IXJ6;SIR2_HUMAN;;25517
Q8IXJ6;SIR2_HUMAN;;26042
Q8IXJ6;SIR2_HUMAN;;29131
Q8IXJ6;SIR2_HUMAN;;36314
Q8IXJ6;SIR2_HUMAN;;39484
Q8IXJ6;SIR2_HUMAN;;40024
Q8IXJ6;SIR2_HUMAN;;40585
Q8IXJ6;SIR2_HUMAN;;41322
Q8IXJ6;SIR2_HUMAN;;47576
Q8IXJ6;SIR2_HUMAN;;64735
Q8IXJ6;SIR2_HUMAN;;65411
Q8IXJ6;SIR2_HUMAN;;74483
Q8IXJ6;SIR2_HUMAN;;93004
Q8IXJ6;SIR2_HUMAN;;95170
Q8IXJ6;SIR2_HUMAN;;123631
Q8IXJ6;SIR2_HUMAN;;126941
Q8IXJ6;SIR2_HUMAN;;133538
Q8IXJ6;SIR2_HUMAN;;134601
Q8IXJ6;SIR2_HUMAN;;154083
Q8IXJ6;SIR2_HUMAN;;155166
Q8IXJ6;SIR2_HUMAN;;160511
Q8IXJ6;SIR2_HUMAN;;161282
Q8IXJ6;SIR2_HUMAN;;245005
Q8IXJ6;SIR2_HUMAN;;369401
Q8IXJ6;SIR2_HUMAN;;409301
Q8IXJ6;SIR2_HUMAN;;444732
Q8IXJ6;SIR2_HUMAN;;445154
Q8IXJ6;SIR2_HUMAN;;448537
Q8IXJ6;SIR2_HUMAN;;457193
Q8IXJ6;SIR2_HUMAN;;590836
Q8IXJ6;SIR2_HUMAN;;644019
Q8IXJ6;SIR2_HUMAN;;657298
Q8IXJ6;SIR2_HUMAN;;802800
Q8IXJ6;SIR2_HUMAN;;969491
Q8IXJ6;SIR2_HUMAN;;1162727
Q8IXJ6;SIR2_HUMAN;;1264500
Q8IXJ6;SIR2_HUMAN;;1328033
Q8IXJ6;SIR2_HUMAN;;1349907
Q8IXJ6;SIR2_HUMAN;;2130404
Q8IXJ6;SIR2_HUMAN;;2723949
Q8IXJ6;SIR2_HUMAN;;2827646
Q8IXJ6;SIR2_HUMAN;;3032581
Q8IXJ6;SIR2_HUMAN;;3034368
Q8IXJ6;SIR2_HUMAN;;3153421
Q8IXJ6;SIR2_HUMAN;;3153427
Q8IXJ6;SIR2_HUMAN;;3154530
Q8IXJ6;SIR2_HUMAN;;3246390
Q8IXJ6;SIR2_HUMAN;;5113032
Q8IXJ6;SIR2_HUMAN;;5281727
Q8IXJ6;SIR2_HUMAN;;5281787
Q8IXJ6;SIR2_HUMAN;;5284484
Q8IXJ6;SIR2_HUMAN;;9848818
Q8IXJ6;SIR2_HUMAN;;9952884
Q8IXJ6;SIR2_HUMAN;;10404587
Q8IXJ6;SIR2_HUMAN;;12788231
Q8IXJ6;SIR2_HUMAN;;16682730
Q8IXJ6;SIR2_HUMAN;;16739648
Q8IXJ6;SIR2_HUMAN;;16755649
Q8IXJ6;SIR2_HUMAN;;21924997
Q8IXJ6;SIR2_HUMAN;;21944094
Q8IXJ6;SIR2_HUMAN;;23672308
Q8IXJ6;SIR2_HUMAN;;42617955
Q8IXJ6;SIR2_HUMAN;;42617956
Q8IXJ6;SIR2_HUMAN;;42617957
Q8IXJ6;SIR2_HUMAN;;42617958
Q8IXJ6;SIR2_HUMAN;;42617959
Q8IXJ6;SIR2_HUMAN;;42617960
Q8IXJ6;SIR2_HUMAN;;42617961
Q8IXJ6;SIR2_HUMAN;;42617962
Q8IXJ6;SIR2_HUMAN;;42617963
Q8IXJ6;SIR2_HUMAN;;42617964
Q8IXJ6;SIR2_HUMAN;;42617966
Q8IXJ6;SIR2_HUMAN;;42617967
Q8IXJ6;SIR2_HUMAN;;42617968
Q8IXJ6;SIR2_HUMAN;;42617969
Q8IXJ6;SIR2_HUMAN;;42617970
Q8IXJ6;SIR2_HUMAN;;42617971
Q8IXJ6;SIR2_HUMAN;;42617972
Q8IXJ6;SIR2_HUMAN;;42617973
Q8IXJ6;SIR2_HUMAN;;42617974
Q8IXJ6;SIR2_HUMAN;;44144477
Q8IXJ6;SIR2_HUMAN;;44559101
Q8IXJ6;SIR2_HUMAN;;49847118
Q8IXJ6;SIR2_HUMAN;;49847188
Q8IXJ6;SIR2_HUMAN;;49847196
Q8IXJ6;SIR2_HUMAN;;49871498
Q8IXJ6;SIR2_HUMAN;;71533676
Q8IXJ6;SIR2_HUMAN;;71654771
Q8IXJ6;SIR2_HUMAN;;71662960
Q8IXJ6;SIR2_HUMAN;;76957227
Q8IXJ6;SIR2_HUMAN;;121231415
Q8IXJ6;SIR2_HUMAN;;122580127
Q8IXJ6;SIR2_HUMAN;;122580129
Q8IXJ6;SIR2_HUMAN;;126720627
Q8IXJ6;SIR2_HUMAN;;135398658
Q8IXJ6;SIR2_HUMAN;;135398737
Q8IXJ6;SIR2_HUMAN;;135659046
Q9NTG7;SIR3_HUMAN;;297
Q9NTG7;SIR3_HUMAN;;305
Q9NTG7;SIR3_HUMAN;;402
Q9NTG7;SIR3_HUMAN;;702
Q9NTG7;SIR3_HUMAN;;784
Q9NTG7;SIR3_HUMAN;;785
Q9NTG7;SIR3_HUMAN;;864
Q9NTG7;SIR3_HUMAN;;896
Q9NTG7;SIR3_HUMAN;;936
Q9NTG7;SIR3_HUMAN;;985
Q9NTG7;SIR3_HUMAN;;1032
Q9NTG7;SIR3_HUMAN;;1322
Q9NTG7;SIR3_HUMAN;;1639
Q9NTG7;SIR3_HUMAN;;1969
Q9NTG7;SIR3_HUMAN;;1983
Q9NTG7;SIR3_HUMAN;;2256
Q9NTG7;SIR3_HUMAN;;2336
Q9NTG7;SIR3_HUMAN;;2347
Q9NTG7;SIR3_HUMAN;;2353
Q9NTG7;SIR3_HUMAN;;2519
Q9NTG7;SIR3_HUMAN;;2719
Q9NTG7;SIR3_HUMAN;;2907
Q9NTG7;SIR3_HUMAN;;3017
Q9NTG7;SIR3_HUMAN;;3026
Q9NTG7;SIR3_HUMAN;;3121
Q9NTG7;SIR3_HUMAN;;3397
Q9NTG7;SIR3_HUMAN;;3467
Q9NTG7;SIR3_HUMAN;;3885
Q9NTG7;SIR3_HUMAN;;4858
Q9NTG7;SIR3_HUMAN;;5235
Q9NTG7;SIR3_HUMAN;;5323
Q9NTG7;SIR3_HUMAN;;5455
Q9NTG7;SIR3_HUMAN;;5641
Q9NTG7;SIR3_HUMAN;;5754
Q9NTG7;SIR3_HUMAN;;5756
Q9NTG7;SIR3_HUMAN;;5757
Q9NTG7;SIR3_HUMAN;;5943
Q9NTG7;SIR3_HUMAN;;5957
Q9NTG7;SIR3_HUMAN;;5991
Q9NTG7;SIR3_HUMAN;;6022
Q9NTG7;SIR3_HUMAN;;6137
Q9NTG7;SIR3_HUMAN;;6366
Q9NTG7;SIR3_HUMAN;;6410
Q9NTG7;SIR3_HUMAN;;6549
Q9NTG7;SIR3_HUMAN;;6575
Q9NTG7;SIR3_HUMAN;;6623
Q9NTG7;SIR3_HUMAN;;6758
Q9NTG7;SIR3_HUMAN;;7290
Q9NTG7;SIR3_HUMAN;;7305
Q9NTG7;SIR3_HUMAN;;7881
Q9NTG7;SIR3_HUMAN;;8295
Q9NTG7;SIR3_HUMAN;;8343
Q9NTG7;SIR3_HUMAN;;8461
Q9NTG7;SIR3_HUMAN;;9317
Q9NTG7;SIR3_HUMAN;;9415
Q9NTG7;SIR3_HUMAN;;9554
Q9NTG7;SIR3_HUMAN;;10917
Q9NTG7;SIR3_HUMAN;;12035
Q9NTG7;SIR3_HUMAN;;12446
Q9NTG7;SIR3_HUMAN;;12550
Q9NTG7;SIR3_HUMAN;;14219
Q9NTG7;SIR3_HUMAN;;14806
Q9NTG7;SIR3_HUMAN;;14969
Q9NTG7;SIR3_HUMAN;;15032
Q9NTG7;SIR3_HUMAN;;15625
Q9NTG7;SIR3_HUMAN;;15625
Q9NTG7;SIR3_HUMAN;;15939
Q9NTG7;SIR3_HUMAN;;16078
Q9NTG7;SIR3_HUMAN;;18283
Q9NTG7;SIR3_HUMAN;;20393
Q9NTG7;SIR3_HUMAN;;23932
Q9NTG7;SIR3_HUMAN;;23973
Q9NTG7;SIR3_HUMAN;;24462
Q9NTG7;SIR3_HUMAN;;24947
Q9NTG7;SIR3_HUMAN;;26042
Q9NTG7;SIR3_HUMAN;;28015
Q9NTG7;SIR3_HUMAN;;28179
Q9NTG7;SIR3_HUMAN;;29131
Q9NTG7;SIR3_HUMAN;;31703
Q9NTG7;SIR3_HUMAN;;32014
Q9NTG7;SIR3_HUMAN;;35370
Q9NTG7;SIR3_HUMAN;;39484
Q9NTG7;SIR3_HUMAN;;40585
Q9NTG7;SIR3_HUMAN;;41322
Q9NTG7;SIR3_HUMAN;;43234
Q9NTG7;SIR3_HUMAN;;64987
Q9NTG7;SIR3_HUMAN;;65064
Q9NTG7;SIR3_HUMAN;;65411
Q9NTG7;SIR3_HUMAN;;72281
Q9NTG7;SIR3_HUMAN;;72303
Q9NTG7;SIR3_HUMAN;;74483
Q9NTG7;SIR3_HUMAN;;75324
Q9NTG7;SIR3_HUMAN;;76302
Q9NTG7;SIR3_HUMAN;;77999
Q9NTG7;SIR3_HUMAN;;95692
Q9NTG7;SIR3_HUMAN;;107526
Q9NTG7;SIR3_HUMAN;;107935
Q9NTG7;SIR3_HUMAN;;119607
Q9NTG7;SIR3_HUMAN;;126941
Q9NTG7;SIR3_HUMAN;;150459
Q9NTG7;SIR3_HUMAN;;158103
Q9NTG7;SIR3_HUMAN;;160511
Q9NTG7;SIR3_HUMAN;;176408
Q9NTG7;SIR3_HUMAN;;208902
Q9NTG7;SIR3_HUMAN;;443495
Q9NTG7;SIR3_HUMAN;;445154
Q9NTG7;SIR3_HUMAN;;446378
Q9NTG7;SIR3_HUMAN;;447048
Q9NTG7;SIR3_HUMAN;;448537
Q9NTG7;SIR3_HUMAN;;590836
Q9NTG7;SIR3_HUMAN;;657298
Q9NTG7;SIR3_HUMAN;;969516
Q9NTG7;SIR3_HUMAN;;1349907
Q9NTG7;SIR3_HUMAN;;2723949
Q9NTG7;SIR3_HUMAN;;3032581
Q9NTG7;SIR3_HUMAN;;3086599
Q9NTG7;SIR3_HUMAN;;5040063
Q9NTG7;SIR3_HUMAN;;5113032
Q9NTG7;SIR3_HUMAN;;5280378
Q9NTG7;SIR3_HUMAN;;5281650
Q9NTG7;SIR3_HUMAN;;5281793
Q9NTG7;SIR3_HUMAN;;5283344
Q9NTG7;SIR3_HUMAN;;5283344
Q9NTG7;SIR3_HUMAN;;5284484
Q9NTG7;SIR3_HUMAN;;5318997
Q9NTG7;SIR3_HUMAN;;6451084
Q9NTG7;SIR3_HUMAN;;6451798
Q9NTG7;SIR3_HUMAN;;9549209
Q9NTG7;SIR3_HUMAN;;9888075
Q9NTG7;SIR3_HUMAN;;9952884
Q9NTG7;SIR3_HUMAN;;9976842
Q9NTG7;SIR3_HUMAN;;10460379
Q9NTG7;SIR3_HUMAN;;11650986
Q9NTG7;SIR3_HUMAN;;16211032
Q9NTG7;SIR3_HUMAN;;24866733
Q9NTG7;SIR3_HUMAN;;46937261
Q9NTG7;SIR3_HUMAN;;57339251
Q9NTG7;SIR3_HUMAN;;71654771
Q9NTG7;SIR3_HUMAN;;71662960
Q9NTG7;SIR3_HUMAN;;71729975
Q9NTG7;SIR3_HUMAN;;76957227
Q9NTG7;SIR3_HUMAN;;88776687
Q9NTG7;SIR3_HUMAN;;126720627
Q9NTG7;SIR3_HUMAN;;135398658
Q9NTG7;SIR3_HUMAN;;168010143
Q9Y6E7;SIR4_HUMAN;;261
Q9Y6E7;SIR4_HUMAN;;297
Q9Y6E7;SIR4_HUMAN;;712
Q9Y6E7;SIR4_HUMAN;;784
Q9Y6E7;SIR4_HUMAN;;854
Q9Y6E7;SIR4_HUMAN;;938
Q9Y6E7;SIR4_HUMAN;;1322
Q9Y6E7;SIR4_HUMAN;;1639
Q9Y6E7;SIR4_HUMAN;;1983
Q9Y6E7;SIR4_HUMAN;;2730
Q9Y6E7;SIR4_HUMAN;;2796
Q9Y6E7;SIR4_HUMAN;;3035
Q9Y6E7;SIR4_HUMAN;;3121
Q9Y6E7;SIR4_HUMAN;;3224
Q9Y6E7;SIR4_HUMAN;;3347
Q9Y6E7;SIR4_HUMAN;;3467
Q9Y6E7;SIR4_HUMAN;;3676
Q9Y6E7;SIR4_HUMAN;;3715
Q9Y6E7;SIR4_HUMAN;;3758
Q9Y6E7;SIR4_HUMAN;;3885
Q9Y6E7;SIR4_HUMAN;;3899
Q9Y6E7;SIR4_HUMAN;;4156
Q9Y6E7;SIR4_HUMAN;;4858
Q9Y6E7;SIR4_HUMAN;;5743
Q9Y6E7;SIR4_HUMAN;;5943
Q9Y6E7;SIR4_HUMAN;;5954
Q9Y6E7;SIR4_HUMAN;;5991
Q9Y6E7;SIR4_HUMAN;;6113
Q9Y6E7;SIR4_HUMAN;;6575
Q9Y6E7;SIR4_HUMAN;;6623
Q9Y6E7;SIR4_HUMAN;;6626
Q9Y6E7;SIR4_HUMAN;;8289
Q9Y6E7;SIR4_HUMAN;;8461
Q9Y6E7;SIR4_HUMAN;;9554
Q9Y6E7;SIR4_HUMAN;;14219
Q9Y6E7;SIR4_HUMAN;;15625
Q9Y6E7;SIR4_HUMAN;;18529
Q9Y6E7;SIR4_HUMAN;;20393
Q9Y6E7;SIR4_HUMAN;;24261
Q9Y6E7;SIR4_HUMAN;;24360
Q9Y6E7;SIR4_HUMAN;;24462
Q9Y6E7;SIR4_HUMAN;;26042
Q9Y6E7;SIR4_HUMAN;;31703
Q9Y6E7;SIR4_HUMAN;;40585
Q9Y6E7;SIR4_HUMAN;;65411
Q9Y6E7;SIR4_HUMAN;;74483
Q9Y6E7;SIR4_HUMAN;;107526
Q9Y6E7;SIR4_HUMAN;;107901
Q9Y6E7;SIR4_HUMAN;;158103
Q9Y6E7;SIR4_HUMAN;;159832
Q9Y6E7;SIR4_HUMAN;;160511
Q9Y6E7;SIR4_HUMAN;;222757
Q9Y6E7;SIR4_HUMAN;;409301
Q9Y6E7;SIR4_HUMAN;;441325
Q9Y6E7;SIR4_HUMAN;;443495
Q9Y6E7;SIR4_HUMAN;;444732
Q9Y6E7;SIR4_HUMAN;;445154
Q9Y6E7;SIR4_HUMAN;;445639
Q9Y6E7;SIR4_HUMAN;;451668
Q9Y6E7;SIR4_HUMAN;;457193
Q9Y6E7;SIR4_HUMAN;;657298
Q9Y6E7;SIR4_HUMAN;;2723949
Q9Y6E7;SIR4_HUMAN;;5113032
Q9Y6E7;SIR4_HUMAN;;5284373
Q9Y6E7;SIR4_HUMAN;;6018993
Q9Y6E7;SIR4_HUMAN;;6509863
Q9Y6E7;SIR4_HUMAN;;9864378
Q9Y6E7;SIR4_HUMAN;;11388558
Q9Y6E7;SIR4_HUMAN;;16755649
Q9Y6E7;SIR4_HUMAN;;21944094
Q9Y6E7;SIR4_HUMAN;;71662960
Q9Y6E7;SIR4_HUMAN;;71729975
Q9Y6E7;SIR4_HUMAN;;126720627
Q9Y6E7;SIR4_HUMAN;;135398658
Q9NXA8;SIR5_HUMAN;;261
Q9NXA8;SIR5_HUMAN;;297
Q9NXA8;SIR5_HUMAN;;936
Q9NXA8;SIR5_HUMAN;;936
Q9NXA8;SIR5_HUMAN;;992
Q9NXA8;SIR5_HUMAN;;1322
Q9NXA8;SIR5_HUMAN;;1983
Q9NXA8;SIR5_HUMAN;;2256
Q9NXA8;SIR5_HUMAN;;2336
Q9NXA8;SIR5_HUMAN;;2477
Q9NXA8;SIR5_HUMAN;;2797
Q9NXA8;SIR5_HUMAN;;2907
Q9NXA8;SIR5_HUMAN;;3026
Q9NXA8;SIR5_HUMAN;;3121
Q9NXA8;SIR5_HUMAN;;3467
Q9NXA8;SIR5_HUMAN;;3715
Q9NXA8;SIR5_HUMAN;;4115
Q9NXA8;SIR5_HUMAN;;4858
Q9NXA8;SIR5_HUMAN;;5361
Q9NXA8;SIR5_HUMAN;;5455
Q9NXA8;SIR5_HUMAN;;5564
Q9NXA8;SIR5_HUMAN;;5641
Q9NXA8;SIR5_HUMAN;;5694
Q9NXA8;SIR5_HUMAN;;5743
Q9NXA8;SIR5_HUMAN;;5757
Q9NXA8;SIR5_HUMAN;;5943
Q9NXA8;SIR5_HUMAN;;5991
Q9NXA8;SIR5_HUMAN;;6575
Q9NXA8;SIR5_HUMAN;;6623
Q9NXA8;SIR5_HUMAN;;6782
Q9NXA8;SIR5_HUMAN;;6795
Q9NXA8;SIR5_HUMAN;;7881
Q9NXA8;SIR5_HUMAN;;8063
Q9NXA8;SIR5_HUMAN;;8289
Q9NXA8;SIR5_HUMAN;;8343
Q9NXA8;SIR5_HUMAN;;9554
Q9NXA8;SIR5_HUMAN;;10836
Q9NXA8;SIR5_HUMAN;;11813
Q9NXA8;SIR5_HUMAN;;14219
Q9NXA8;SIR5_HUMAN;;14290
Q9NXA8;SIR5_HUMAN;;15096
Q9NXA8;SIR5_HUMAN;;15625
Q9NXA8;SIR5_HUMAN;;15625
Q9NXA8;SIR5_HUMAN;;16942
Q9NXA8;SIR5_HUMAN;;20393
Q9NXA8;SIR5_HUMAN;;23931
Q9NXA8;SIR5_HUMAN;;23954
Q9NXA8;SIR5_HUMAN;;24462
Q9NXA8;SIR5_HUMAN;;24502
Q9NXA8;SIR5_HUMAN;;26042
Q9NXA8;SIR5_HUMAN;;26177
Q9NXA8;SIR5_HUMAN;;40585
Q9NXA8;SIR5_HUMAN;;74483
Q9NXA8;SIR5_HUMAN;;77222
Q9NXA8;SIR5_HUMAN;;119607
Q9NXA8;SIR5_HUMAN;;146294
Q9NXA8;SIR5_HUMAN;;160511
Q9NXA8;SIR5_HUMAN;;252682
Q9NXA8;SIR5_HUMAN;;409301
Q9NXA8;SIR5_HUMAN;;443495
Q9NXA8;SIR5_HUMAN;;444795
Q9NXA8;SIR5_HUMAN;;445154
Q9NXA8;SIR5_HUMAN;;447048
Q9NXA8;SIR5_HUMAN;;447049
Q9NXA8;SIR5_HUMAN;;590836
Q9NXA8;SIR5_HUMAN;;2248572
Q9NXA8;SIR5_HUMAN;;2723949
Q9NXA8;SIR5_HUMAN;;3032536
Q9NXA8;SIR5_HUMAN;;3136118
Q9NXA8;SIR5_HUMAN;;3246390
Q9NXA8;SIR5_HUMAN;;5284373
Q9NXA8;SIR5_HUMAN;;5311108
Q9NXA8;SIR5_HUMAN;;5329102
Q9NXA8;SIR5_HUMAN;;5362065
Q9NXA8;SIR5_HUMAN;;6509863
Q9NXA8;SIR5_HUMAN;;15241817
Q9NXA8;SIR5_HUMAN;;16211032
Q9NXA8;SIR5_HUMAN;;24771824
Q9NXA8;SIR5_HUMAN;;71662960
Q9NXA8;SIR5_HUMAN;;71729975
Q9NXA8;SIR5_HUMAN;;126720627
